sample_id,pass_id,date,optical_path,thermal_path,footprint_geojson,gsd_m,label_cloud,label_vegetation
sample_0000,pass_0000,2026-09-20,data\labeled\sample_0000\optical.tif,data\labeled\sample_0000\thermal.tif,"{""type"":""Feature"",""geometry"":{""type"":""Point"",""coordinates"":[77.2,28.6]},""properties"":{""radius_km"":50.0,""description"":""Circular pass footprint (approximated as point + radius)""}}",7.19,0,1
sample_0001,pass_0000,2026-09-20,data\labeled\sample_0001\optical.tif,data\labeled\sample_0001\thermal.tif,"{""type"":""Feature"",""geometry"":{""type"":""Point"",""coordinates"":[77.2,28.6]},""properties"":{""radius_km"":50.0,""description"":""Circular pass footprint (approximated as point + radius)""}}",7.19,0,1
sample_0002,pass_0000,2026-09-20,data\labeled\sample_0002\optical.tif,data\labeled\sample_0002\thermal.tif,"{""type"":""Feature"",""geometry"":{""type"":""Point"",""coordinates"":[77.2,28.6]},""properties"":{""radius_km"":50.0,""description"":""Circular pass footprint (approximated as point + radius)""}}",7.19,0,0
sample_0003,pass_0000,2026-09-20,data\labeled\sample_0003\optical.tif,data\labeled\sample_0003\thermal.tif,"{""type"":""Feature"",""geometry"":{""type"":""Point"",""coordinates"":[77.2,28.6]},""properties"":{""radius_km"":50.0,""description"":""Circular pass footprint (approximated as point + radius)""}}",7.19,1,1
sample_0004,pass_0000,2026-09-20,data\labeled\sample_0004\optical.tif,data\labeled\sample_0004\thermal.tif,"{""type"":""Feature"",""geometry"":{""type"":""Point"",""coordinates"":[77.2,28.6]},""properties"":{""radius_km"":50.0,""description"":""Circular pass footprint (approximated as point + radius)""}}",7.19,0,0
sample_0005,pass_0000,2026-09-20,data\labeled\sample_0005\optical.tif,data\labeled\sample_0005\thermal.tif,"{""type"":""Feature"",""geometry"":{""type"":""Point"",""coordinates"":[77.2,28.6]},""properties"":{""radius_km"":50.0,""description"":""Circular pass footprint (approximated as point + radius)""}}",7.19,1,0
sample_0006,pass_0000,2026-09-20,data\labeled\sample_0006\optical.tif,data\labeled\sample_0006\thermal.tif,"{""type"":""Feature"",""geometry"":{""type"":""Point"",""coordinates"":[77.2,28.6]},""properties"":{""radius_km"":50.0,""description"":""Circular pass footprint (approximated as point + radius)""}}",7.19,0,0
sample_0007,pass_0000,2026-09-20,data\labeled\sample_0007\optical.tif,data\labeled\sample_0007\thermal.tif,"{""type"":""Feature"",""geometry"":{""type"":""Point"",""coordinates"":[77.2,28.6]},""properties"":{""radius_km"":50.0,""description"":""Circular pass footprint (approximated as point + radius)""}}",7.19,0,0
sample_0008,pass_0000,2026-09-20,data\labeled\sample_0008\optical.tif,data\labeled\sample_0008\thermal.tif,"{""type"":""Feature"",""geometry"":{""type"":""Point"",""coordinates"":[77.2,28.6]},""properties"":{""radius_km"":50.0,""description"":""Circular pass footprint (approximated as point + radius)""}}",7.19,0,0
sample_0009,pass_0000,2026-09-20,data\labeled\sample_0009\optical.tif,data\labeled\sample_0009\thermal.tif,"{""type"":""Feature"",""geometry"":{""type"":""Point"",""coordinates"":[77.2,28.6]},""properties"":{""radius_km"":50.0,""description"":""Circular pass footprint (approximated as point + radius)""}}",7.19,0,1
sample_0010,pass_0000,2026-09-20,data\labeled\sample_0010\optical.tif,data\labeled\sample_0010\thermal.tif,"{""type"":""Feature"",""geometry"":{""type"":""Point"",""coordinates"":[77.2,28.6]},""properties"":{""radius_km"":50.0,""description"":""Circular pass footprint (approximated as point + radius)""}}",7.19,1,1
sample_0011,pass_0000,2026-09-20,data\labeled\sample_0011\optical.tif,data\labeled\sample_0011\thermal.tif,"{""type"":""Feature"",""geometry"":{""type"":""Point"",""coordinates"":[77.2,28.6]},""properties"":{""radius_km"":50.0,""description"":""Circular pass footprint (approximated as point + radius)""}}",7.19,1,1
sample_0012,pass_0000,2026-09-20,data\labeled\sample_0012\optical.tif,data\labeled\sample_0012\thermal.tif,"{""type"":""Feature"",""geometry"":{""type"":""Point"",""coordinates"":[77.2,28.6]},""properties"":{""radius_km"":50.0,""description"":""Circular pass footprint (approximated as point + radius)""}}",7.19,0,1
sample_0013,pass_0000,2026-09-20,data\labeled\sample_0013\optical.tif,data\labeled\sample_0013\thermal.tif,"{""type"":""Feature"",""geometry"":{""type"":""Point"",""coordinates"":[77.2,28.6]},""properties"":{""radius_km"":50.0,""description"":""Circular pass footprint (approximated as point + radius)""}}",7.19,1,0
sample_0014,pass_0000,2026-09-20,data\labeled\sample_0014\optical.tif,data\labeled\sample_0014\thermal.tif,"{""type"":""Feature"",""geometry"":{""type"":""Point"",""coordinates"":[77.2,28.6]},""properties"":{""radius_km"":50.0,""description"":""Circular pass footprint (approximated as point + radius)""}}",7.19,0,0
sample_0015,pass_0000,2026-09-20,data\labeled\sample_0015\optical.tif,data\labeled\sample_0015\thermal.tif,"{""type"":""Feature"",""geometry"":{""type"":""Point"",""coordinates"":[77.2,28.6]},""properties"":{""radius_km"":50.0,""description"":""Circular pass footprint (approximated as point + radius)""}}",7.19,0,1
sample_0016,pass_0000,2026-09-20,data\labeled\sample_0016\optical.tif,data\labeled\sample_0016\thermal.tif,"{""type"":""Feature"",""geometry"":{""type"":""Point"",""coordinates"":[77.2,28.6]},""properties"":{""radius_km"":50.0,""description"":""Circular pass footprint (approximated as point + radius)""}}",7.19,0,0
sample_0017,pass_0000,2026-09-20,data\labeled\sample_0017\optical.tif,data\labeled\sample_0017\thermal.tif,"{""type"":""Feature"",""geometry"":{""type"":""Point"",""coordinates"":[77.2,28.6]},""properties"":{""radius_km"":50.0,""description"":""Circular pass footprint (approximated as point + radius)""}}",7.19,0,1
sample_0018,pass_0000,2026-09-20,data\labeled\sample_0018\optical.tif,data\labeled\sample_0018\thermal.tif,"{""type"":""Feature"",""geometry"":{""type"":""Point"",""coordinates"":[77.2,28.6]},""properties"":{""radius_km"":50.0,""description"":""Circular pass footprint (approximated as point + radius)""}}",7.19,0,1
sample_0019,pass_0000,2026-09-20,data\labeled\sample_0019\optical.tif,data\labeled\sample_0019\thermal.tif,"{""type"":""Feature"",""geometry"":{""type"":""Point"",""coordinates"":[77.2,28.6]},""properties"":{""radius_km"":50.0,""description"":""Circular pass footprint (approximated as point + radius)""}}",7.19,1,0
sample_0020,pass_0000,2026-09-20,data\labeled\sample_0020\optical.tif,data\labeled\sample_0020\thermal.tif,"{""type"":""Feature"",""geometry"":{""type"":""Point"",""coordinates"":[77.2,28.6]},""properties"":{""radius_km"":50.0,""description"":""Circular pass footprint (approximated as point + radius)""}}",7.19,0,1
sample_0021,pass_0000,2026-09-20,data\labeled\sample_0021\optical.tif,data\labeled\sample_0021\thermal.tif,"{""type"":""Feature"",""geometry"":{""type"":""Point"",""coordinates"":[77.2,28.6]},""properties"":{""radius_km"":50.0,""description"":""Circular pass footprint (approximated as point + radius)""}}",7.19,1,0
sample_0022,pass_0000,2026-09-20,data\labeled\sample_0022\optical.tif,data\labeled\sample_0022\thermal.tif,"{""type"":""Feature"",""geometry"":{""type"":""Point"",""coordinates"":[77.2,28.6]},""properties"":{""radius_km"":50.0,""description"":""Circular pass footprint (approximated as point + radius)""}}",7.19,0,1
sample_0023,pass_0000,2026-09-20,data\labeled\sample_0023\optical.tif,data\labeled\sample_0023\thermal.tif,"{""type"":""Feature"",""geometry"":{""type"":""Point"",""coordinates"":[77.2,28.6]},""properties"":{""radius_km"":50.0,""description"":""Circular pass footprint (approximated as point + radius)""}}",7.19,1,1
sample_0024,pass_0000,2026-09-20,data\labeled\sample_0024\optical.tif,data\labeled\sample_0024\thermal.tif,"{""type"":""Feature"",""geometry"":{""type"":""Point"",""coordinates"":[77.2,28.6]},""properties"":{""radius_km"":50.0,""description"":""Circular pass footprint (approximated as point + radius)""}}",7.19,1,0
sample_0025,pass_0000,2026-09-20,data\labeled\sample_0025\optical.tif,data\labeled\sample_0025\thermal.tif,"{""type"":""Feature"",""geometry"":{""type"":""Point"",""coordinates"":[77.2,28.6]},""properties"":{""radius_km"":50.0,""description"":""Circular pass footprint (approximated as point + radius)""}}",7.19,0,0
sample_0026,pass_0001,2026-09-20,data\labeled\sample_0026\optical.tif,data\labeled\sample_0026\thermal.tif,"{""type"":""Feature"",""geometry"":{""type"":""Point"",""coordinates"":[77.2,28.6]},""properties"":{""radius_km"":50.0,""description"":""Circular pass footprint (approximated as point + radius)""}}",7.19,1,0
sample_0027,pass_0001,2026-09-20,data\labeled\sample_0027\optical.tif,data\labeled\sample_0027\thermal.tif,"{""type"":""Feature"",""geometry"":{""type"":""Point"",""coordinates"":[77.2,28.6]},""properties"":{""radius_km"":50.0,""description"":""Circular pass footprint (approximated as point + radius)""}}",7.19,0,0
sample_0028,pass_0001,2026-09-20,data\labeled\sample_0028\optical.tif,data\labeled\sample_0028\thermal.tif,"{""type"":""Feature"",""geometry"":{""type"":""Point"",""coordinates"":[77.2,28.6]},""properties"":{""radius_km"":50.0,""description"":""Circular pass footprint (approximated as point + radius)""}}",7.19,0,1
sample_0029,pass_0001,2026-09-20,data\labeled\sample_0029\optical.tif,data\labeled\sample_0029\thermal.tif,"{""type"":""Feature"",""geometry"":{""type"":""Point"",""coordinates"":[77.2,28.6]},""properties"":{""radius_km"":50.0,""description"":""Circular pass footprint (approximated as point + radius)""}}",7.19,0,1
sample_0030,pass_0001,2026-09-20,data\labeled\sample_0030\optical.tif,data\labeled\sample_0030\thermal.tif,"{""type"":""Feature"",""geometry"":{""type"":""Point"",""coordinates"":[77.2,28.6]},""properties"":{""radius_km"":50.0,""description"":""Circular pass footprint (approximated as point + radius)""}}",7.19,0,0
sample_0031,pass_0001,2026-09-20,data\labeled\sample_0031\optical.tif,data\labeled\sample_0031\thermal.tif,"{""type"":""Feature"",""geometry"":{""type"":""Point"",""coordinates"":[77.2,28.6]},""properties"":{""radius_km"":50.0,""description"":""Circular pass footprint (approximated as point + radius)""}}",7.19,0,0
sample_0032,pass_0001,2026-09-20,data\labeled\sample_0032\optical.tif,data\labeled\sample_0032\thermal.tif,"{""type"":""Feature"",""geometry"":{""type"":""Point"",""coordinates"":[77.2,28.6]},""properties"":{""radius_km"":50.0,""description"":""Circular pass footprint (approximated as point + radius)""}}",7.19,0,1
sample_0033,pass_0001,2026-09-20,data\labeled\sample_0033\optical.tif,data\labeled\sample_0033\thermal.tif,"{""type"":""Feature"",""geometry"":{""type"":""Point"",""coordinates"":[77.2,28.6]},""properties"":{""radius_km"":50.0,""description"":""Circular pass footprint (approximated as point + radius)""}}",7.19,1,1
sample_0034,pass_0001,2026-09-20,data\labeled\sample_0034\optical.tif,data\labeled\sample_0034\thermal.tif,"{""type"":""Feature"",""geometry"":{""type"":""Point"",""coordinates"":[77.2,28.6]},""properties"":{""radius_km"":50.0,""description"":""Circular pass footprint (approximated as point + radius)""}}",7.19,1,0
sample_0035,pass_0001,2026-09-20,data\labeled\sample_0035\optical.tif,data\labeled\sample_0035\thermal.tif,"{""type"":""Feature"",""geometry"":{""type"":""Point"",""coordinates"":[77.2,28.6]},""properties"":{""radius_km"":50.0,""description"":""Circular pass footprint (approximated as point + radius)""}}",7.19,1,0
sample_0036,pass_0001,2026-09-20,data\labeled\sample_0036\optical.tif,data\labeled\sample_0036\thermal.tif,"{""type"":""Feature"",""geometry"":{""type"":""Point"",""coordinates"":[77.2,28.6]},""properties"":{""radius_km"":50.0,""description"":""Circular pass footprint (approximated as point + radius)""}}",7.19,0,1
sample_0037,pass_0001,2026-09-20,data\labeled\sample_0037\optical.tif,data\labeled\sample_0037\thermal.tif,"{""type"":""Feature"",""geometry"":{""type"":""Point"",""coordinates"":[77.2,28.6]},""properties"":{""radius_km"":50.0,""description"":""Circular pass footprint (approximated as point + radius)""}}",7.19,0,1
sample_0038,pass_0001,2026-09-20,data\labeled\sample_0038\optical.tif,data\labeled\sample_0038\thermal.tif,"{""type"":""Feature"",""geometry"":{""type"":""Point"",""coordinates"":[77.2,28.6]},""properties"":{""radius_km"":50.0,""description"":""Circular pass footprint (approximated as point + radius)""}}",7.19,0,1
sample_0039,pass_0001,2026-09-20,data\labeled\sample_0039\optical.tif,data\labeled\sample_0039\thermal.tif,"{""type"":""Feature"",""geometry"":{""type"":""Point"",""coordinates"":[77.2,28.6]},""properties"":{""radius_km"":50.0,""description"":""Circular pass footprint (approximated as point + radius)""}}",7.19,0,1
sample_0040,pass_0001,2026-09-20,data\labeled\sample_0040\optical.tif,data\labeled\sample_0040\thermal.tif,"{""type"":""Feature"",""geometry"":{""type"":""Point"",""coordinates"":[77.2,28.6]},""properties"":{""radius_km"":50.0,""description"":""Circular pass footprint (approximated as point + radius)""}}",7.19,1,1
sample_0041,pass_0001,2026-09-20,data\labeled\sample_0041\optical.tif,data\labeled\sample_0041\thermal.tif,"{""type"":""Feature"",""geometry"":{""type"":""Point"",""coordinates"":[77.2,28.6]},""properties"":{""radius_km"":50.0,""description"":""Circular pass footprint (approximated as point + radius)""}}",7.19,0,0
sample_0042,pass_0001,2026-09-20,data\labeled\sample_0042\optical.tif,data\labeled\sample_0042\thermal.tif,"{""type"":""Feature"",""geometry"":{""type"":""Point"",""coordinates"":[77.2,28.6]},""properties"":{""radius_km"":50.0,""description"":""Circular pass footprint (approximated as point + radius)""}}",7.19,0,1
sample_0043,pass_0001,2026-09-20,data\labeled\sample_0043\optical.tif,data\labeled\sample_0043\thermal.tif,"{""type"":""Feature"",""geometry"":{""type"":""Point"",""coordinates"":[77.2,28.6]},""properties"":{""radius_km"":50.0,""description"":""Circular pass footprint (approximated as point + radius)""}}",7.19,1,1
sample_0044,pass_0001,2026-09-20,data\labeled\sample_0044\optical.tif,data\labeled\sample_0044\thermal.tif,"{""type"":""Feature"",""geometry"":{""type"":""Point"",""coordinates"":[77.2,28.6]},""properties"":{""radius_km"":50.0,""description"":""Circular pass footprint (approximated as point + radius)""}}",7.19,0,0
sample_0045,pass_0001,2026-09-20,data\labeled\sample_0045\optical.tif,data\labeled\sample_0045\thermal.tif,"{""type"":""Feature"",""geometry"":{""type"":""Point"",""coordinates"":[77.2,28.6]},""properties"":{""radius_km"":50.0,""description"":""Circular pass footprint (approximated as point + radius)""}}",7.19,1,1
sample_0046,pass_0001,2026-09-20,data\labeled\sample_0046\optical.tif,data\labeled\sample_0046\thermal.tif,"{""type"":""Feature"",""geometry"":{""type"":""Point"",""coordinates"":[77.2,28.6]},""properties"":{""radius_km"":50.0,""description"":""Circular pass footprint (approximated as point + radius)""}}",7.19,1,1
sample_0047,pass_0001,2026-09-20,data\labeled\sample_0047\optical.tif,data\labeled\sample_0047\thermal.tif,"{""type"":""Feature"",""geometry"":{""type"":""Point"",""coordinates"":[77.2,28.6]},""properties"":{""radius_km"":50.0,""description"":""Circular pass footprint (approximated as point + radius)""}}",7.19,0,1
sample_0048,pass_0001,2026-09-20,data\labeled\sample_0048\optical.tif,data\labeled\sample_0048\thermal.tif,"{""type"":""Feature"",""geometry"":{""type"":""Point"",""coordinates"":[77.2,28.6]},""properties"":{""radius_km"":50.0,""description"":""Circular pass footprint (approximated as point + radius)""}}",7.19,0,1
sample_0049,pass_0001,2026-09-20,data\labeled\sample_0049\optical.tif,data\labeled\sample_0049\thermal.tif,"{""type"":""Feature"",""geometry"":{""type"":""Point"",""coordinates"":[77.2,28.6]},""properties"":{""radius_km"":50.0,""description"":""Circular pass footprint (approximated as point + radius)""}}",7.19,1,0
sample_0050,pass_0001,2026-09-20,data\labeled\sample_0050\optical.tif,data\labeled\sample_0050\thermal.tif,"{""type"":""Feature"",""geometry"":{""type"":""Point"",""coordinates"":[77.2,28.6]},""properties"":{""radius_km"":50.0,""description"":""Circular pass footprint (approximated as point + radius)""}}",7.19,0,0
sample_0051,pass_0001,2026-09-20,data\labeled\sample_0051\optical.tif,data\labeled\sample_0051\thermal.tif,"{""type"":""Feature"",""geometry"":{""type"":""Point"",""coordinates"":[77.2,28.6]},""properties"":{""radius_km"":50.0,""description"":""Circular pass footprint (approximated as point + radius)""}}",7.19,0,1
sample_0052,pass_0002,2026-09-20,data\labeled\sample_0052\optical.tif,data\labeled\sample_0052\thermal.tif,"{""type"":""Feature"",""geometry"":{""type"":""Point"",""coordinates"":[77.2,28.6]},""properties"":{""radius_km"":50.0,""description"":""Circular pass footprint (approximated as point + radius)""}}",7.19,0,0
sample_0053,pass_0002,2026-09-20,data\labeled\sample_0053\optical.tif,data\labeled\sample_0053\thermal.tif,"{""type"":""Feature"",""geometry"":{""type"":""Point"",""coordinates"":[77.2,28.6]},""properties"":{""radius_km"":50.0,""description"":""Circular pass footprint (approximated as point + radius)""}}",7.19,0,0
sample_0054,pass_0002,2026-09-20,data\labeled\sample_0054\optical.tif,data\labeled\sample_0054\thermal.tif,"{""type"":""Feature"",""geometry"":{""type"":""Point"",""coordinates"":[77.2,28.6]},""properties"":{""radius_km"":50.0,""description"":""Circular pass footprint (approximated as point + radius)""}}",7.19,1,0
sample_0055,pass_0002,2026-09-20,data\labeled\sample_0055\optical.tif,data\labeled\sample_0055\thermal.tif,"{""type"":""Feature"",""geometry"":{""type"":""Point"",""coordinates"":[77.2,28.6]},""properties"":{""radius_km"":50.0,""description"":""Circular pass footprint (approximated as point + radius)""}}",7.19,0,0
sample_0056,pass_0002,2026-09-20,data\labeled\sample_0056\optical.tif,data\labeled\sample_0056\thermal.tif,"{""type"":""Feature"",""geometry"":{""type"":""Point"",""coordinates"":[77.2,28.6]},""properties"":{""radius_km"":50.0,""description"":""Circular pass footprint (approximated as point + radius)""}}",7.19,0,1
sample_0057,pass_0002,2026-09-20,data\labeled\sample_0057\optical.tif,data\labeled\sample_0057\thermal.tif,"{""type"":""Feature"",""geometry"":{""type"":""Point"",""coordinates"":[77.2,28.6]},""properties"":{""radius_km"":50.0,""description"":""Circular pass footprint (approximated as point + radius)""}}",7.19,0,0
sample_0058,pass_0002,2026-09-20,data\labeled\sample_0058\optical.tif,data\labeled\sample_0058\thermal.tif,"{""type"":""Feature"",""geometry"":{""type"":""Point"",""coordinates"":[77.2,28.6]},""properties"":{""radius_km"":50.0,""description"":""Circular pass footprint (approximated as point + radius)""}}",7.19,0,0
sample_0059,pass_0002,2026-09-20,data\labeled\sample_0059\optical.tif,data\labeled\sample_0059\thermal.tif,"{""type"":""Feature"",""geometry"":{""type"":""Point"",""coordinates"":[77.2,28.6]},""properties"":{""radius_km"":50.0,""description"":""Circular pass footprint (approximated as point + radius)""}}",7.19,0,0
sample_0060,pass_0002,2026-09-20,data\labeled\sample_0060\optical.tif,data\labeled\sample_0060\thermal.tif,"{""type"":""Feature"",""geometry"":{""type"":""Point"",""coordinates"":[77.2,28.6]},""properties"":{""radius_km"":50.0,""description"":""Circular pass footprint (approximated as point + radius)""}}",7.19,1,1
sample_0061,pass_0002,2026-09-20,data\labeled\sample_0061\optical.tif,data\labeled\sample_0061\thermal.tif,"{""type"":""Feature"",""geometry"":{""type"":""Point"",""coordinates"":[77.2,28.6]},""properties"":{""radius_km"":50.0,""description"":""Circular pass footprint (approximated as point + radius)""}}",7.19,1,1
sample_0062,pass_0002,2026-09-20,data\labeled\sample_0062\optical.tif,data\labeled\sample_0062\thermal.tif,"{""type"":""Feature"",""geometry"":{""type"":""Point"",""coordinates"":[77.2,28.6]},""properties"":{""radius_km"":50.0,""description"":""Circular pass footprint (approximated as point + radius)""}}",7.19,0,1
sample_0063,pass_0002,2026-09-20,data\labeled\sample_0063\optical.tif,data\labeled\sample_0063\thermal.tif,"{""type"":""Feature"",""geometry"":{""type"":""Point"",""coordinates"":[77.2,28.6]},""properties"":{""radius_km"":50.0,""description"":""Circular pass footprint (approximated as point + radius)""}}",7.19,0,0
sample_0064,pass_0002,2026-09-20,data\labeled\sample_0064\optical.tif,data\labeled\sample_0064\thermal.tif,"{""type"":""Feature"",""geometry"":{""type"":""Point"",""coordinates"":[77.2,28.6]},""properties"":{""radius_km"":50.0,""description"":""Circular pass footprint (approximated as point + radius)""}}",7.19,0,1
sample_0065,pass_0002,2026-09-20,data\labeled\sample_0065\optical.tif,data\labeled\sample_0065\thermal.tif,"{""type"":""Feature"",""geometry"":{""type"":""Point"",""coordinates"":[77.2,28.6]},""properties"":{""radius_km"":50.0,""description"":""Circular pass footprint (approximated as point + radius)""}}",7.19,1,1
sample_0066,pass_0002,2026-09-20,data\labeled\sample_0066\optical.tif,data\labeled\sample_0066\thermal.tif,"{""type"":""Feature"",""geometry"":{""type"":""Point"",""coordinates"":[77.2,28.6]},""properties"":{""radius_km"":50.0,""description"":""Circular pass footprint (approximated as point + radius)""}}",7.19,0,1
sample_0067,pass_0002,2026-09-20,data\labeled\sample_0067\optical.tif,data\labeled\sample_0067\thermal.tif,"{""type"":""Feature"",""geometry"":{""type"":""Point"",""coordinates"":[77.2,28.6]},""properties"":{""radius_km"":50.0,""description"":""Circular pass footprint (approximated as point + radius)""}}",7.19,0,0
sample_0068,pass_0002,2026-09-20,data\labeled\sample_0068\optical.tif,data\labeled\sample_0068\thermal.tif,"{""type"":""Feature"",""geometry"":{""type"":""Point"",""coordinates"":[77.2,28.6]},""properties"":{""radius_km"":50.0,""description"":""Circular pass footprint (approximated as point + radius)""}}",7.19,0,0
sample_0069,pass_0002,2026-09-20,data\labeled\sample_0069\optical.tif,data\labeled\sample_0069\thermal.tif,"{""type"":""Feature"",""geometry"":{""type"":""Point"",""coordinates"":[77.2,28.6]},""properties"":{""radius_km"":50.0,""description"":""Circular pass footprint (approximated as point + radius)""}}",7.19,0,1
sample_0070,pass_0002,2026-09-20,data\labeled\sample_0070\optical.tif,data\labeled\sample_0070\thermal.tif,"{""type"":""Feature"",""geometry"":{""type"":""Point"",""coordinates"":[77.2,28.6]},""properties"":{""radius_km"":50.0,""description"":""Circular pass footprint (approximated as point + radius)""}}",7.19,0,1
sample_0071,pass_0002,2026-09-20,data\labeled\sample_0071\optical.tif,data\labeled\sample_0071\thermal.tif,"{""type"":""Feature"",""geometry"":{""type"":""Point"",""coordinates"":[77.2,28.6]},""properties"":{""radius_km"":50.0,""description"":""Circular pass footprint (approximated as point + radius)""}}",7.19,1,1
sample_0072,pass_0002,2026-09-20,data\labeled\sample_0072\optical.tif,data\labeled\sample_0072\thermal.tif,"{""type"":""Feature"",""geometry"":{""type"":""Point"",""coordinates"":[77.2,28.6]},""properties"":{""radius_km"":50.0,""description"":""Circular pass footprint (approximated as point + radius)""}}",7.19,1,0
sample_0073,pass_0002,2026-09-20,data\labeled\sample_0073\optical.tif,data\labeled\sample_0073\thermal.tif,"{""type"":""Feature"",""geometry"":{""type"":""Point"",""coordinates"":[77.2,28.6]},""properties"":{""radius_km"":50.0,""description"":""Circular pass footprint (approximated as point + radius)""}}",7.19,0,1
sample_0074,pass_0002,2026-09-20,data\labeled\sample_0074\optical.tif,data\labeled\sample_0074\thermal.tif,"{""type"":""Feature"",""geometry"":{""type"":""Point"",""coordinates"":[77.2,28.6]},""properties"":{""radius_km"":50.0,""description"":""Circular pass footprint (approximated as point + radius)""}}",7.19,0,0
sample_0075,pass_0002,2026-09-20,data\labeled\sample_0075\optical.tif,data\labeled\sample_0075\thermal.tif,"{""type"":""Feature"",""geometry"":{""type"":""Point"",""coordinates"":[77.2,28.6]},""properties"":{""radius_km"":50.0,""description"":""Circular pass footprint (approximated as point + radius)""}}",7.19,1,1
sample_0076,pass_0002,2026-09-20,data\labeled\sample_0076\optical.tif,data\labeled\sample_0076\thermal.tif,"{""type"":""Feature"",""geometry"":{""type"":""Point"",""coordinates"":[77.2,28.6]},""properties"":{""radius_km"":50.0,""description"":""Circular pass footprint (approximated as point + radius)""}}",7.19,0,1
sample_0077,pass_0002,2026-09-20,data\labeled\sample_0077\optical.tif,data\labeled\sample_0077\thermal.tif,"{""type"":""Feature"",""geometry"":{""type"":""Point"",""coordinates"":[77.2,28.6]},""properties"":{""radius_km"":50.0,""description"":""Circular pass footprint (approximated as point + radius)""}}",7.19,0,0
sample_0078,pass_0003,2026-09-20,data\labeled\sample_0078\optical.tif,data\labeled\sample_0078\thermal.tif,"{""type"":""Feature"",""geometry"":{""type"":""Point"",""coordinates"":[77.2,28.6]},""properties"":{""radius_km"":50.0,""description"":""Circular pass footprint (approximated as point + radius)""}}",7.19,1,0
sample_0079,pass_0003,2026-09-20,data\labeled\sample_0079\optical.tif,data\labeled\sample_0079\thermal.tif,"{""type"":""Feature"",""geometry"":{""type"":""Point"",""coordinates"":[77.2,28.6]},""properties"":{""radius_km"":50.0,""description"":""Circular pass footprint (approximated as point + radius)""}}",7.19,0,1
sample_0080,pass_0003,2026-09-20,data\labeled\sample_0080\optical.tif,data\labeled\sample_0080\thermal.tif,"{""type"":""Feature"",""geometry"":{""type"":""Point"",""coordinates"":[77.2,28.6]},""properties"":{""radius_km"":50.0,""description"":""Circular pass footprint (approximated as point + radius)""}}",7.19,1,0
sample_0081,pass_0003,2026-09-20,data\labeled\sample_0081\optical.tif,data\labeled\sample_0081\thermal.tif,"{""type"":""Feature"",""geometry"":{""type"":""Point"",""coordinates"":[77.2,28.6]},""properties"":{""radius_km"":50.0,""description"":""Circular pass footprint (approximated as point + radius)""}}",7.19,0,1
sample_0082,pass_0003,2026-09-20,data\labeled\sample_0082\optical.tif,data\labeled\sample_0082\thermal.tif,"{""type"":""Feature"",""geometry"":{""type"":""Point"",""coordinates"":[77.2,28.6]},""properties"":{""radius_km"":50.0,""description"":""Circular pass footprint (approximated as point + radius)""}}",7.19,0,1
sample_0083,pass_0003,2026-09-20,data\labeled\sample_0083\optical.tif,data\labeled\sample_0083\thermal.tif,"{""type"":""Feature"",""geometry"":{""type"":""Point"",""coordinates"":[77.2,28.6]},""properties"":{""radius_km"":50.0,""description"":""Circular pass footprint (approximated as point + radius)""}}",7.19,1,0
sample_0084,pass_0003,2026-09-20,data\labeled\sample_0084\optical.tif,data\labeled\sample_0084\thermal.tif,"{""type"":""Feature"",""geometry"":{""type"":""Point"",""coordinates"":[77.2,28.6]},""properties"":{""radius_km"":50.0,""description"":""Circular pass footprint (approximated as point + radius)""}}",7.19,0,0
sample_0085,pass_0003,2026-09-20,data\labeled\sample_0085\optical.tif,data\labeled\sample_0085\thermal.tif,"{""type"":""Feature"",""geometry"":{""type"":""Point"",""coordinates"":[77.2,28.6]},""properties"":{""radius_km"":50.0,""description"":""Circular pass footprint (approximated as point + radius)""}}",7.19,0,1
sample_0086,pass_0003,2026-09-20,data\labeled\sample_0086\optical.tif,data\labeled\sample_0086\thermal.tif,"{""type"":""Feature"",""geometry"":{""type"":""Point"",""coordinates"":[77.2,28.6]},""properties"":{""radius_km"":50.0,""description"":""Circular pass footprint (approximated as point + radius)""}}",7.19,1,1
sample_0087,pass_0003,2026-09-20,data\labeled\sample_0087\optical.tif,data\labeled\sample_0087\thermal.tif,"{""type"":""Feature"",""geometry"":{""type"":""Point"",""coordinates"":[77.2,28.6]},""properties"":{""radius_km"":50.0,""description"":""Circular pass footprint (approximated as point + radius)""}}",7.19,0,1
sample_0088,pass_0003,2026-09-20,data\labeled\sample_0088\optical.tif,data\labeled\sample_0088\thermal.tif,"{""type"":""Feature"",""geometry"":{""type"":""Point"",""coordinates"":[77.2,28.6]},""properties"":{""radius_km"":50.0,""description"":""Circular pass footprint (approximated as point + radius)""}}",7.19,0,0
sample_0089,pass_0003,2026-09-20,data\labeled\sample_0089\optical.tif,data\labeled\sample_0089\thermal.tif,"{""type"":""Feature"",""geometry"":{""type"":""Point"",""coordinates"":[77.2,28.6]},""properties"":{""radius_km"":50.0,""description"":""Circular pass footprint (approximated as point + radius)""}}",7.19,1,1
sample_0090,pass_0003,2026-09-20,data\labeled\sample_0090\optical.tif,data\labeled\sample_0090\thermal.tif,"{""type"":""Feature"",""geometry"":{""type"":""Point"",""coordinates"":[77.2,28.6]},""properties"":{""radius_km"":50.0,""description"":""Circular pass footprint (approximated as point + radius)""}}",7.19,1,0
sample_0091,pass_0003,2026-09-20,data\labeled\sample_0091\optical.tif,data\labeled\sample_0091\thermal.tif,"{""type"":""Feature"",""geometry"":{""type"":""Point"",""coordinates"":[77.2,28.6]},""properties"":{""radius_km"":50.0,""description"":""Circular pass footprint (approximated as point + radius)""}}",7.19,1,0
sample_0092,pass_0003,2026-09-20,data\labeled\sample_0092\optical.tif,data\labeled\sample_0092\thermal.tif,"{""type"":""Feature"",""geometry"":{""type"":""Point"",""coordinates"":[77.2,28.6]},""properties"":{""radius_km"":50.0,""description"":""Circular pass footprint (approximated as point + radius)""}}",7.19,0,1
sample_0093,pass_0003,2026-09-20,data\labeled\sample_0093\optical.tif,data\labeled\sample_0093\thermal.tif,"{""type"":""Feature"",""geometry"":{""type"":""Point"",""coordinates"":[77.2,28.6]},""properties"":{""radius_km"":50.0,""description"":""Circular pass footprint (approximated as point + radius)""}}",7.19,0,0
sample_0094,pass_0003,2026-09-20,data\labeled\sample_0094\optical.tif,data\labeled\sample_0094\thermal.tif,"{""type"":""Feature"",""geometry"":{""type"":""Point"",""coordinates"":[77.2,28.6]},""properties"":{""radius_km"":50.0,""description"":""Circular pass footprint (approximated as point + radius)""}}",7.19,0,0
sample_0095,pass_0003,2026-09-20,data\labeled\sample_0095\optical.tif,data\labeled\sample_0095\thermal.tif,"{""type"":""Feature"",""geometry"":{""type"":""Point"",""coordinates"":[77.2,28.6]},""properties"":{""radius_km"":50.0,""description"":""Circular pass footprint (approximated as point + radius)""}}",7.19,0,0
sample_0096,pass_0003,2026-09-20,data\labeled\sample_0096\optical.tif,data\labeled\sample_0096\thermal.tif,"{""type"":""Feature"",""geometry"":{""type"":""Point"",""coordinates"":[77.2,28.6]},""properties"":{""radius_km"":50.0,""description"":""Circular pass footprint (approximated as point + radius)""}}",7.19,0,1
sample_0097,pass_0003,2026-09-20,data\labeled\sample_0097\optical.tif,data\labeled\sample_0097\thermal.tif,"{""type"":""Feature"",""geometry"":{""type"":""Point"",""coordinates"":[77.2,28.6]},""properties"":{""radius_km"":50.0,""description"":""Circular pass footprint (approximated as point + radius)""}}",7.19,1,1
sample_0098,pass_0003,2026-09-20,data\labeled\sample_0098\optical.tif,data\labeled\sample_0098\thermal.tif,"{""type"":""Feature"",""geometry"":{""type"":""Point"",""coordinates"":[77.2,28.6]},""properties"":{""radius_km"":50.0,""description"":""Circular pass footprint (approximated as point + radius)""}}",7.19,0,0
sample_0099,pass_0003,2026-09-20,data\labeled\sample_0099\optical.tif,data\labeled\sample_0099\thermal.tif,"{""type"":""Feature"",""geometry"":{""type"":""Point"",""coordinates"":[77.2,28.6]},""properties"":{""radius_km"":50.0,""description"":""Circular pass footprint (approximated as point + radius)""}}",7.19,1,0
sample_0100,pass_0003,2026-09-20,data\labeled\sample_0100\optical.tif,data\labeled\sample_0100\thermal.tif,"{""type"":""Feature"",""geometry"":{""type"":""Point"",""coordinates"":[77.2,28.6]},""properties"":{""radius_km"":50.0,""description"":""Circular pass footprint (approximated as point + radius)""}}",7.19,1,0
sample_0101,pass_0003,2026-09-20,data\labeled\sample_0101\optical.tif,data\labeled\sample_0101\thermal.tif,"{""type"":""Feature"",""geometry"":{""type"":""Point"",""coordinates"":[77.2,28.6]},""properties"":{""radius_km"":50.0,""description"":""Circular pass footprint (approximated as point + radius)""}}",7.19,1,1
sample_0102,pass_0003,2026-09-20,data\labeled\sample_0102\optical.tif,data\labeled\sample_0102\thermal.tif,"{""type"":""Feature"",""geometry"":{""type"":""Point"",""coordinates"":[77.2,28.6]},""properties"":{""radius_km"":50.0,""description"":""Circular pass footprint (approximated as point + radius)""}}",7.19,0,1
sample_0103,pass_0003,2026-09-20,data\labeled\sample_0103\optical.tif,data\labeled\sample_0103\thermal.tif,"{""type"":""Feature"",""geometry"":{""type"":""Point"",""coordinates"":[77.2,28.6]},""properties"":{""radius_km"":50.0,""description"":""Circular pass footprint (approximated as point + radius)""}}",7.19,1,1
