timestamp,latitude,longitude
2026-01-01T00:00:00Z,-0.12306169983520565,-100.64529211501065
2026-01-01T00:01:00Z,3.673037272754107,-101.38567442446013
2026-01-01T00:02:00Z,7.468993016716187,-102.13026833411107
2026-01-01T00:03:00Z,11.264089254369468,-102.88350115234658
2026-01-01T00:04:00Z,15.057602374407162,-103.65010856731878
2026-01-01T00:05:00Z,18.848797050370244,-104.43531863228515
2026-01-01T00:06:00Z,22.63691883498518,-105.24507497772065
2026-01-01T00:07:00Z,26.421182191620577,-106.08632038418791
2026-01-01T00:08:00Z,30.200751838351536,-106.9673708729331
2026-01-01T00:09:00Z,33.97471431434148,-107.89842516604517
2026-01-01T00:10:00Z,37.74203507113572,-108.89227852602374
2026-01-01T00:11:00Z,41.5014936644174,-109.96535049633336
2026-01-01T00:12:00Z,45.25158487064876,-111.13920581652991
2026-01-01T00:13:00Z,48.99036500532836,-112.44287170112494
2026-01-01T00:14:00Z,52.7152067509284,-113.91648281896883
2026-01-01T00:15:00Z,56.422394640618975,-115.61722255828728
2026-01-01T00:16:00Z,60.10642940645339,-117.62940521785015
2026-01-01T00:17:00Z,63.75877046540411,-120.08238542161749
2026-01-01T00:18:00Z,67.36542360930024,-123.18404743261536
2026-01-01T00:19:00Z,70.90197815063769,-127.28698689429427
2026-01-01T00:20:00Z,74.3225479850165,-133.02614614176022
2026-01-01T00:21:00Z,77.53304148451546,-141.60913898318324
2026-01-01T00:22:00Z,80.32385442664533,-155.32898696180374
2026-01-01T00:23:00Z,82.23042618527033,-177.41131203014143
2026-01-01T00:24:00Z,82.54167457205685,153.55477086321812
2026-01-01T00:25:00Z,81.08900370767748,128.45465466164273
2026-01-01T00:26:00Z,78.52341455100758,112.29037299246316
2026-01-01T00:27:00Z,75.42043043262088,102.32423378803261
2026-01-01T00:28:00Z,72.05591261778609,95.81505942779526
2026-01-01T00:29:00Z,68.55170223293835,91.25897638703177
2026-01-01T00:30:00Z,64.96546825543138,87.87376652977885
2026-01-01T00:31:00Z,61.3270477403132,85.23360653702552
2026-01-01T00:32:00Z,57.65314920049714,83.09227764295828
2026-01-01T00:33:00Z,53.95377016108602,81.29916685097896
2026-01-01T00:34:00Z,50.23523773697381,79.75752903949831
2026-01-01T00:35:00Z,46.501759091619164,78.40256736018175
2026-01-01T00:36:00Z,42.75626331499204,77.18929495868116
2026-01-01T00:37:00Z,39.000883397055155,76.08548548519126
2026-01-01T00:38:00Z,35.237244612439355,75.06740333798757
2026-01-01T00:39:00Z,31.466643436173133,74.11711989335278
2026-01-01T00:40:00Z,27.69016177346979,73.22077000123443
2026-01-01T00:41:00Z,23.908741446648268,72.36738491594018
2026-01-01T00:42:00Z,20.123233407874473,71.54808898244306
2026-01-01T00:43:00Z,16.334430393075355,70.75553151812863
2026-01-01T00:44:00Z,12.543088463001641,69.98347370550604
2026-01-01T00:45:00Z,8.749940966085656,69.22647892482264
2026-01-01T00:46:00Z,4.95570731541796,68.47967226235865
2026-01-01T00:47:00Z,1.1610982802748198,67.73854554150203
2026-01-01T00:48:00Z,-2.633180925592958,66.99879071326158
2026-01-01T00:49:00Z,-6.426428720485693,66.25614826101177
2026-01-01T00:50:00Z,-10.21794548154189,65.50625921985484
2026-01-01T00:51:00Z,-14.007031237666098,64.74450987285009
2026-01-01T00:52:00Z,-17.792981787575883,63.965857255242135
2026-01-01T00:53:00Z,-21.575082145159993,63.16462109127873
2026-01-01T00:54:00Z,-25.352595922994425,62.33422319984679
2026-01-01T00:55:00Z,-29.124748772022876,61.46684775759644
2026-01-01T00:56:00Z,-32.890703181018004,60.5529833503947
2026-01-01T00:57:00Z,-36.649520589480375,59.580787368068385
2026-01-01T00:58:00Z,-40.40010449379798,58.535179400086164
2026-01-01T00:59:00Z,-44.141114303765775,57.396512506207664
2026-01-01T01:00:00Z,-47.87083273292071,56.13856976907836
2026-01-01T01:01:00Z,-51.586956658675334,54.72544917164766
2026-01-01T01:02:00Z,-55.28625671821371,53.1065517071009
2026-01-01T01:03:00Z,-58.96400121911966,51.20820149792866
2026-01-01T01:04:00Z,-62.61293424648558,48.919009755766545
2026-01-01T01:05:00Z,-66.22135856958766,46.0630217184531
2026-01-01T01:06:00Z,-69.76929334802934,42.347714666799604
2026-01-01T01:07:00Z,-73.22016156614147,37.25774532784635
2026-01-01T01:08:00Z,-76.50126584119033,29.830625255975804
2026-01-01T01:09:00Z,-79.45495214671828,18.21781579626115
2026-01-01T01:10:00Z,-81.7247892615965,-0.6623917121831363
2026-01-01T01:11:00Z,-82.64875245433416,-28.097783369552587
2026-01-01T01:12:00Z,-81.7612048099658,-55.662768687285656
2026-01-01T01:13:00Z,-79.51204202173423,-74.7329743340309
2026-01-01T01:14:00Z,-76.56796498290072,-86.46488636094624
2026-01-01T01:15:00Z,-73.29140659018188,-93.95780499172994
2026-01-01T01:16:00Z,-69.84277368260119,-99.08540373989345
2026-01-01T01:17:00Z,-66.29590903886742,-102.82359604826112
2026-01-01T01:18:00Z,-62.68789766719114,-105.6943328456804
2026-01-01T01:19:00Z,-59.038966420180614,-107.99350700492386
2026-01-01T01:20:00Z,-55.360941991175444,-109.89889214220054
2026-01-01T01:21:00Z,-51.66115369694861,-111.5229147896924
2026-01-01T01:22:00Z,-47.94437778887727,-112.93987302311156
2026-01-01T01:23:00Z,-44.21387250896112,-114.20075530330307
2026-01-01T01:24:00Z,-40.47196095969893,-115.3417166174903
2026-01-01T01:25:00Z,-36.7203751960366,-116.3891435170653
2026-01-01T01:26:00Z,-32.9604674662037,-117.36279985090599
2026-01-01T01:27:00Z,-29.19334406554315,-118.27784851397068
2026-01-01T01:28:00Z,-25.41995223968861,-119.14619148406265
2026-01-01T01:29:00Z,-21.641137552167297,-119.97738361668199
2026-01-01T01:30:00Z,-17.857682069461067,-120.77927293871456
2026-01-01T01:31:00Z,-14.070329747038027,-121.55846171948673
2026-01-01T01:32:00Z,-10.279803100379299,-122.32064832269282
2026-01-01T01:33:00Z,-6.486813880565855,-123.07088924968795
2026-01-01T01:34:00Z,-2.6920696511781848,-123.81380819816431
2026-01-01T01:35:00Z,1.103722334611029,-124.55377123379134
2026-01-01T01:36:00Z,4.899852852337024,-125.29504253398238
2026-01-01T01:37:00Z,8.695609074349495,-126.04193262292884
2026-01-01T01:38:00Z,12.490272700527921,-126.79895006149069
2026-01-01T01:39:00Z,16.28311693523776,-127.57096799730026
2026-01-01T01:40:00Z,20.07340127159919,-128.3634189063344
2026-01-01T01:41:00Z,23.86036280197365,-129.1825346517772
2026-01-01T01:42:00Z,27.643202357628063,-130.03565544366117
2026-01-01T01:43:00Z,31.421063092120086,-130.93164184503317
2026-01-01T01:44:00Z,35.19299798623145,-131.88144119792048
2026-01-01T01:45:00Z,38.957920850446634,-132.89888832066785
2026-01-01T01:46:00Z,42.714532148370076,-134.00186846509843
2026-01-01T01:47:00Z,46.461205242051285,-135.214054202892
2026-01-01T01:48:00Z,50.19580824534641,-136.567578226636
2026-01-01T01:49:00Z,53.91541695174074,-138.1072842823733
2026-01-01T01:50:00Z,57.615835221930475,-139.8977430335203
2026-01-01T01:51:00Z,61.290757596885726,-142.0353274756712
2026-01-01T01:52:00Z,64.93022792584249,-144.67000891390336
2026-01-01T01:53:00Z,68.517618503644,-148.04683846045359
2026-01-01T01:54:00Z,72.02325874337483,-152.58938856451044
2026-01-01T01:55:00Z,75.38984894651598,-159.0753237222373
2026-01-01T01:56:00Z,78.49642937746182,-168.99946454232582
2026-01-01T01:57:00Z,81.06921700884016,174.90906502887313
2026-01-01T01:58:00Z,82.53570727462753,149.88770092379454
2026-01-01T01:59:00Z,82.24164342836109,120.83377233839329
2026-01-01T02:00:00Z,80.34656662982641,98.66561787222133
2026-01-01T02:01:00Z,77.5614614816699,84.88367124423102
2026-01-01T02:02:00Z,74.35392682606549,76.26608866599283
2026-01-01T02:03:00Z,70.93516604050316,70.50754259005899
2026-01-01T02:04:00Z,67.39993218704278,66.39308262339836
2026-01-01T02:05:00Z,63.79439432469847,63.28415219755791
2026-01-01T02:06:00Z,60.1430939696438,60.8263460709491
2026-01-01T02:07:00Z,56.4600901141496,58.81082352354447
2026-01-01T02:08:00Z,52.75395687339826,57.107694702140684
2026-01-01T02:09:00Z,49.03021102162529,55.632329909889286
2026-01-01T02:10:00Z,45.29257669119945,54.32735139953824
2026-01-01T02:11:00Z,41.54368465034402,53.15250009084469
2026-01-01T02:12:00Z,37.78547876152073,52.07866655454277
2026-01-01T02:13:00Z,34.01946225195836,51.084230284969316
2026-01-01T02:14:00Z,30.24685205013549,50.15273313519787
2026-01-01T02:15:00Z,26.468678080869896,49.27135274225713
2026-01-01T02:16:00Z,22.68584834769616,48.429871240288485
2026-01-01T02:17:00Z,18.89919203558053,47.61995915057561
2026-01-01T02:18:00Z,15.109488090635459,46.834664447881345
2026-01-01T02:19:00Z,11.317483992556387,46.068037512381494
2026-01-01T02:20:00Z,7.523907820416587,45.314846947705504
2026-01-01T02:21:00Z,3.729475741894191,44.57035600801071
2026-01-01T02:22:00Z,-0.0651035327675737,43.830138442231046
2026-01-01T02:23:00Z,-3.8591261443869227,43.08991806945619
2026-01-01T02:24:00Z,-7.6518913390368954,42.34541954822243
2026-01-01T02:25:00Z,-11.442699687636338,41.59221924167704
2026-01-01T02:26:00Z,-15.230850378199632,40.82558509557773
2026-01-01T02:27:00Z,-19.01563660113968,40.04029303935335
2026-01-01T02:28:00Z,-22.79633785282028,39.23040431540886
2026-01-01T02:29:00Z,-26.572207635409235,38.388982700900414
2026-01-01T02:30:00Z,-30.342454450914303,37.50772162567017
2026-01-01T02:31:00Z,-34.10621302947548,36.57643660328272
2026-01-01T02:32:00Z,-37.86250113777836,35.582354428075
2026-01-01T02:33:00Z,-41.610154609368074,34.50909043582737
2026-01-01T02:34:00Z,-45.34772853111768,33.3351360508621
2026-01-01T02:35:00Z,-49.07334405949233,32.03155626115378
2026-01-01T02:36:00Z,-52.78444455347946,30.55837125246747
2026-01-01T02:37:00Z,-56.47739394802072,28.858665062762853
2026-01-01T02:38:00Z,-60.14678727861512,26.848601341497275
2026-01-01T02:39:00Z,-63.78420661450318,24.39971634272752
2026-01-01T02:40:00Z,-67.37583950971292,21.305873013924582
2026-01-01T02:41:00Z,-70.89759169988415,17.21811279804141
2026-01-01T02:42:00Z,-74.3042302638557,11.509560941620274
2026-01-01T02:43:00Z,-77.50324018685488,2.991302118210353
2026-01-01T02:44:00Z,-80.28922886792377,-10.58976646436309
2026-01-01T02:45:00Z,-82.20764478707495,-32.427259138219064
2026-01-01T02:46:00Z,-82.55553616448957,-61.293890890206896
2026-01-01T02:47:00Z,-81.14587670854392,-86.49928878610264
2026-01-01T02:48:00Z,-78.61322014914971,-102.82628683311393
2026-01-01T02:49:00Z,-75.53507636840324,-112.90437757317339
2026-01-01T02:50:00Z,-72.19108282035103,-119.48300156558479
2026-01-01T02:51:00Z,-68.70500722677576,-124.0833249521518
2026-01-01T02:52:00Z,-65.13538692337431,-127.49810572410128
2026-01-01T02:53:00Z,-61.51245373012021,-130.15895424517768
2026-01-01T02:54:00Z,-57.85309542607922,-132.31532637134265
2026-01-01T02:55:00Z,-54.16738467820123,-134.11972591010073
2026-01-01T02:56:00Z,-50.461670393426125,-135.67005371988293
2026-01-01T02:57:00Z,-46.74015298073469,-137.03184310588748
2026-01-01T02:58:00Z,-43.00573921723824,-138.25056768267237
2026-01-01T02:59:00Z,-39.26053150166157,-139.35878584235778
2026-01-01T03:00:00Z,-35.50612060458169,-140.3804658825213
2026-01-01T03:01:00Z,-31.74376738438793,-141.33370325771207
2026-01-01T03:02:00Z,-27.9745189343326,-142.23248499971615
2026-01-01T03:03:00Z,-24.199284461761888,-143.08787023306826
2026-01-01T03:04:00Z,-20.418885560849578,-143.9088023500154
2026-01-01T03:05:00Z,-16.63408969904286,-144.702683090754
2026-01-01T03:06:00Z,-12.845632419995644,-145.47578972696817
2026-01-01T03:07:00Z,-9.05423182764866,-146.23358754397253
2026-01-01T03:08:00Z,-5.260597758911371,-146.98097227759857
2026-01-01T03:09:00Z,-1.4654373525474844,-147.72246640746366
2026-01-01T03:10:00Z,2.3305417001630255,-148.4623866273645
2026-01-01T03:11:00Z,6.1266291825053925,-149.20499593413487
2026-01-01T03:12:00Z,9.922110740407662,-149.9546517867323
2026-01-01T03:13:00Z,13.71626574437357,-150.71596129049448
2026-01-01T03:14:00Z,17.508363680319427,-151.49395525997664
2026-01-01T03:15:00Z,21.297657967146918,-152.29429548512573
2026-01-01T03:16:00Z,25.083375808187185,-153.12353406902773
2026-01-01T03:17:00Z,28.86470219329693,-153.9894512903086
2026-01-01T03:18:00Z,32.64075535942775,-154.9015108060263
2026-01-01T03:19:00Z,36.4105496776732,-155.87149123661536
2026-01-01T03:20:00Z,40.172939679012124,-156.9143868247011
2026-01-01T03:21:00Z,43.926535040002086,-158.04972722490584
2026-01-01T03:22:00Z,47.66956943296113,-159.30356721782758
2026-01-01T03:23:00Z,51.39969340284012,-160.7115801908082
2026-01-01T03:24:00Z,55.113636964956235,-162.32403493011083
2026-01-01T03:25:00Z,58.80663833623095,-164.21411678626748
2026-01-01T03:26:00Z,62.4714303676242,-166.4924623721513
2026-01-01T03:27:00Z,66.09633883684936,-169.33383315522127
2026-01-01T03:28:00Z,69.66147037260339,-173.02879857176507
2026-01-01T03:29:00Z,73.1304618787293,-178.0894665009722
2026-01-01T03:30:00Z,76.43108085775644,174.526654600674
2026-01-01T03:31:00Z,79.40656034408791,162.9750993246965
2026-01-01T03:32:00Z,81.7012360619549,144.15388985172203
2026-01-01T03:33:00Z,82.64857541402695,116.67627506082073
2026-01-01T03:34:00Z,81.76981190971435,88.95491593427592
2026-01-01T03:35:00Z,79.51423372079063,69.77790698159754
2026-01-01T03:36:00Z,76.55736820463471,58.00427041327231
2026-01-01T03:37:00Z,73.26618492037201,50.49803402707072
2026-01-01T03:38:00Z,69.80259969912849,45.36751558105538
2026-01-01T03:39:00Z,66.24097684647263,41.63013202370396
2026-01-01T03:40:00Z,62.61861946723271,38.76146876775093
2026-01-01T03:41:00Z,58.95587160261449,36.464689865135234
2026-01-01T03:42:00Z,55.26464011817781,34.561655625743896
2026-01-01T03:43:00Z,51.552319419559396,32.939803737124535
2026-01-01T03:44:00Z,47.82374377970598,31.524795309987265
2026-01-01T03:45:00Z,44.0822253665779,30.265640337955627
2026-01-01T03:46:00Z,40.33013810918551,29.126197725303225
2026-01-01T03:47:00Z,36.569261960047456,28.080099843378974
2026-01-01T03:48:00Z,32.80099394400411,27.107602276956445
2026-01-01T03:49:00Z,29.026481657890297,26.193560205557194
2026-01-01T03:50:00Z,25.24670975172787,25.32608770385955
2026-01-01T03:51:00Z,21.462556856052768,24.495643828862296
2026-01-01T03:52:00Z,17.674833338278194,23.694392443588743
2026-01-01T03:53:00Z,13.884306292313905,22.915741354141716
2026-01-01T03:54:00Z,10.091715861367808,22.154000690479247
2026-01-01T03:55:00Z,6.297785626256336,21.404121092772915
2026-01-01T03:56:00Z,2.5032289660669984,20.66148487095109
2026-01-01T03:57:00Z,-1.2912472025792088,19.921731041834327
2026-01-01T03:58:00Z,-5.084940198826038,19.180599793013304
2026-01-01T03:59:00Z,-8.877149916645994,18.43378446848873
2026-01-01T04:00:00Z,-12.667176844690326,17.676780133042893
2026-01-01T04:01:00Z,-16.45431885638721,16.90471734047715
2026-01-01T04:02:00Z,-20.23786574097028,16.112167820590038
2026-01-01T04:03:00Z,-24.01709020804292,15.292905030660776
2026-01-01T04:04:00Z,-27.791233687078147,14.439596102998268
2026-01-01T04:05:00Z,-31.559484561009633,13.543391231834137
2026-01-01T04:06:00Z,-35.320945345567075,12.593359445938452
2026-01-01T04:07:00Z,-39.074583439572095,11.575691470030083
2026-01-01T04:08:00Z,-42.81915684690772,10.472542678531454
2026-01-01T04:09:00Z,-46.55310060268767,9.260306303698874
2026-01-01T04:10:00Z,-50.274349331259366,7.906958419570731
2026-01-01T04:11:00Z,-53.98005187713428,6.367839477600504
2026-01-01T04:12:00Z,-57.66609538885927,4.578700192269258
2026-01-01T04:13:00Z,-61.32627584497516,2.443749237041006
2026-01-01T04:14:00Z,-64.95077413758375,-0.18588367010215429
2026-01-01T04:15:00Z,-68.52317598309581,-3.553050330333434
2026-01-01T04:16:00Z,-72.0142034222762,-8.076649846183761
2026-01-01T04:17:00Z,-75.36741158318718,-14.523786244576431
2026-01-01T04:18:00Z,-78.46399342696174,-24.36485568759498
2026-01-01T04:19:00Z,-81.03592589017249,-40.28257199093441
2026-01-01T04:20:00Z,-82.5223302365257,-65.0476097143671
2026-01-01T04:21:00Z,-82.2700455594682,-94.02608779903836
2026-01-01T04:22:00Z,-80.41524923540004,-116.34443040454462
2026-01-01T04:23:00Z,-77.65994304127004,-130.27507520019708
2026-01-01T04:24:00Z,-74.47553393431521,-138.98868970711155
2026-01-01T04:25:00Z,-71.07637618418329,-144.80697073177222
2026-01-01T04:26:00Z,-67.55871514247539,-148.96005946574775
2026-01-01T04:27:00Z,-63.969391641371544,-152.09521050694667
2026-01-01T04:28:00Z,-60.33325380557496,-154.5716060359891
2026-01-01T04:29:00Z,-56.664498061497426,-156.60079366679548
2026-01-01T04:30:00Z,-52.971752566008384,-158.31426805226477
2026-01-01T04:31:00Z,-49.26054471337944,-159.7976535941472
2026-01-01T04:32:00Z,-45.53458580621887,-161.1089697718112
2026-01-01T04:33:00Z,-41.79648102502203,-162.2889043891354
2026-01-01T04:34:00Z,-38.04814201157517,-163.366862028464
2026-01-01T04:35:00Z,-34.2910368933814,-164.3646716583091
2026-01-01T04:36:00Z,-30.526347080247177,-165.29894185758204
2026-01-01T04:37:00Z,-26.75506827768145,-166.18260546810743
2026-01-01T04:38:00Z,-22.97807683818687,-167.02596260149585
2026-01-01T04:39:00Z,-19.196173841645777,-167.83740452824867
2026-01-01T04:40:00Z,-15.410114447605963,-168.62392987553173
2026-01-01T04:41:00Z,-11.620627281569522,-169.3915232886098
2026-01-01T04:42:00Z,-7.828426980133613,-170.14544211165637
2026-01-01T04:43:00Z,-4.034222037020022,-170.8904416829683
2026-01-01T04:44:00Z,-0.23871949688127722,-171.63096065138555
2026-01-01T04:45:00Z,3.5573723127113652,-172.37128213484152
2026-01-01T04:46:00Z,7.353342022092156,-173.11568333895053
2026-01-01T04:47:00Z,11.148473535551059,-173.86858477366624
2026-01-01T04:48:00Z,14.942043526539944,-174.63471015786087
2026-01-01T04:49:00Z,18.733317128282113,-175.41926947523524
2026-01-01T04:50:00Z,22.521540640678413,-176.22818071269862
2026-01-01T04:51:00Z,26.305929728420704,-177.06835120365807
2026-01-01T04:52:00Z,30.085651008323897,-177.94804838805052
2026-01-01T04:53:00Z,33.85979397281206,-178.87740427788447
2026-01-01T04:54:00Z,37.627328614528366,-179.86912170539966
2026-01-01T04:55:00Z,41.387041434597684,179.060509705468
2026-01-01T04:56:00Z,45.13743784780692,177.8901113284619
2026-01-01T04:57:00Z,48.87659060647223,176.59092886859688
2026-01-01T04:58:00Z,52.60189820723689,175.12323921215062
2026-01-01T04:59:00Z,56.30968673373268,173.43050038056052
2026-01-01T05:00:00Z,59.994526087756725,171.42943709278404
2026-01-01T05:01:00Z,63.64799600225461,168.9924553759319
2026-01-01T05:02:00Z,67.256323509637,165.91481311317122
2026-01-01T05:03:00Z,70.79553363018375,161.84985224394293
2026-01-01T05:04:00Z,74.22067086226322,156.1744787310174
2026-01-01T05:05:00Z,77.4398057800477,147.70514702851486
2026-01-01T05:06:00Z,80.24855464769209,134.1895941903177
2026-01-01T05:07:00Z,82.19236937554734,112.3928497647388
2026-01-01T05:08:00Z,82.5602763237538,83.43355805802587
2026-01-01T05:09:00Z,81.15361278751922,58.07460242538593
2026-01-01T05:10:00Z,78.6116715406016,41.6661251542043
2026-01-01T05:11:00Z,75.51986533756173,31.55863137386036
2026-01-01T05:12:00Z,72.16105364305653,24.97125019138515
2026-01-01T05:13:00Z,68.66005909865389,20.369646426812096
2026-01-01T05:14:00Z,65.07580283421062,16.956245004644348
2026-01-01T05:15:00Z,61.43869007964985,14.297635358098946
2026-01-01T05:16:00Z,57.76570982695213,12.14366651545344
2026-01-01T05:17:00Z,54.06700859549482,10.341566320666526
2026-01-01T05:18:00Z,50.34899754768573,8.793338161653452
2026-01-01T05:19:00Z,46.61593358012473,7.433424512847087
2026-01-01T05:20:00Z,42.87077632159812,6.216356874104248
2026-01-01T05:21:00Z,39.11567803760355,5.109593084961655
2026-01-01T05:22:00Z,35.35227640139611,4.089184227326207
2026-01-01T05:23:00Z,31.58187595102405,3.1370539435019884
2026-01-01T05:24:00Z,27.80556385324223,2.2392326412738464
2026-01-01T05:25:00Z,24.024285350980602,1.3846765399748358
2026-01-01T05:26:00Z,20.2388935971014,0.5644554759853492
2026-01-01T05:27:00Z,16.450182720819978,-0.2288210206774787
2026-01-01T05:28:00Z,12.658909648419094,-1.0014206895319964
2026-01-01T05:29:00Z,8.865808257697994,-1.7588007886286148
2026-01-01T05:30:00Z,5.071598285490553,-2.5058503054026353
2026-01-01T05:31:00Z,1.2769907050824045,-3.2470860355520426
2026-01-01T05:32:00Z,-2.5173091344587175,-3.986819846334098
2026-01-01T05:33:00Z,-6.310599563143912,-4.729310555383197
2026-01-01T05:34:00Z,-10.102180922250767,-5.478911860980844
2026-01-01T05:35:00Z,-13.891353290057129,-6.240227255178116
2026-01-01T05:36:00Z,-17.67741266320606,-7.018283738617009
2026-01-01T05:37:00Z,-21.459644502414754,-7.81873860868455
2026-01-01T05:38:00Z,-25.2373132647963,-8.648138106102248
2026-01-01T05:39:00Z,-29.009646059796303,-9.514254238234177
2026-01-01T05:40:00Z,-32.775807763707995,-10.426538371658541
2026-01-01T05:41:00Z,-36.53486359867415,-11.396750254616993
2026-01-01T05:42:00Z,-40.28572294485042,-12.43985449405787
2026-01-01T05:43:00Z,-44.0270542980007,-13.57533333941016
2026-01-01T05:44:00Z,-47.75715443591413,-14.829164316065608
2026-01-01T05:45:00Z,-51.47374225414655,-16.2368921885068
2026-01-01T05:46:00Z,-55.17362356401484,-17.848565973376022
2026-01-01T05:47:00Z,-58.852124546265074,-19.736983346739237
2026-01-01T05:48:00Z,-62.50208835366453,-22.012069736647575
2026-01-01T05:49:00Z,-66.11199619892535,-24.847218248558466
2026-01-01T05:50:00Z,-69.66220975950706,-28.53021194746429
2026-01-01T05:51:00Z,-73.11686185576097,-33.56711399353351
2026-01-01T05:52:00Z,-76.40485622948765,-40.90156240326143
2026-01-01T05:53:00Z,-79.37238849796965,-52.34659610326602
2026-01-01T05:54:00Z,-81.6714903784673,-70.95699779950328
2026-01-01T05:55:00Z,-82.64723369059286,-98.19965487268293
2026-01-01T05:56:00Z,-81.81235306248018,-125.94226074430219
2026-01-01T05:57:00Z,-79.59354615388315,-145.28594819803902
2026-01-01T05:58:00Z,-76.6638416158824,-157.19073882233954
2026-01-01T05:59:00Z,-73.3943939270673,-164.77917013020158
2026-01-01T06:00:00Z,-69.94963932756404,-169.96129584822953
2026-01-01T06:01:00Z,-66.40509433196853,-173.73258188981177
2026-01-01T06:02:00Z,-62.79858278314971,-176.62460084363514
2026-01-01T06:03:00Z,-59.150686528703545,-178.9381459928132
2026-01-01T06:04:00Z,-55.4734165475554,179.14636855550296
2026-01-01T06:05:00Z,-51.774204183116176,177.51501207975605
2026-01-01T06:06:00Z,-48.05788516768996,176.09258600119603
2026-01-01T06:07:00Z,-44.327753847707754,174.82753908679223
2026-01-01T06:08:00Z,-40.586155913530334,173.68335145243114
2026-01-01T06:09:00Z,-36.834837851563314,172.63339240835816
2026-01-01T06:10:00Z,-33.075161243675616,171.65773036813675
2026-01-01T06:11:00Z,-29.30823844263417,170.74108461807865
2026-01-01T06:12:00Z,-25.535020602310407,169.87146894835863
2026-01-01T06:13:00Z,-21.756355766607648,169.0392674996133
2026-01-01T06:14:00Z,-17.973027529953956,168.23658774371006
2026-01-01T06:15:00Z,-14.185780744259711,167.45679496595457
2026-01-01T06:16:00Z,-10.3953384100283,166.694167440211
2026-01-01T06:17:00Z,-6.602412503359909,165.94363239753872
2026-01-01T06:18:00Z,-2.807710655092217,165.20055566415436
2026-01-01T06:19:00Z,0.9880599073129915,164.4605656876575
2026-01-01T06:20:00Z,4.784190043990106,163.71939738556335
2026-01-01T06:21:00Z,8.579967064165652,162.972743844697
2026-01-01T06:22:00Z,12.374672877266763,162.21610489955205
2026-01-01T06:23:00Z,16.16758101946155,161.44462121861318
2026-01-01T06:24:00Z,19.957951522031202,160.65288065093398
2026-01-01T06:25:00Z,23.745022350064147,159.83467985690817
2026-01-01T06:26:00Z,27.52799573051273,158.98271788794014
2026-01-01T06:27:00Z,31.306017010625236,158.08818797314578
2026-01-01T06:28:00Z,35.07814256846372,157.140216801258
2026-01-01T06:29:00Z,38.84329142556487,156.1250725491194
2026-01-01T06:30:00Z,42.60017201322827,155.02501555441097
2026-01-01T06:31:00Z,46.347169921946204,153.81658328685535
2026-01-01T06:32:00Z,50.082172242812746,152.4679536958153
2026-01-01T06:33:00Z,53.80228478278746,150.93475621781423
2026-01-01T06:34:00Z,57.50336018980346,149.15316642085983
2026-01-01T06:35:00Z,61.179175284739,147.0280369547944
2026-01-01T06:36:00Z,64.81991943382836,144.41150693949098
2026-01-01T06:37:00Z,68.40923810892592,141.06236028562404
2026-01-01T06:38:00Z,71.91801233311968,136.56440806598138
2026-01-01T06:39:00Z,75.29015389676357,130.1549125374616
2026-01-01T06:40:00Z,78.40758121693472,120.36878577245632
2026-01-01T06:41:00Z,81.00330226004938,104.51728523728677
2026-01-01T06:42:00Z,82.5148579670074,79.76045273919931
2026-01-01T06:43:00Z,82.27770761438049,50.64801451326503
2026-01-01T06:44:00Z,80.42084667515915,28.194793587393438
2026-01-01T06:45:00Z,77.65424380462197,14.204169606492393
2026-01-01T06:46:00Z,74.45560693269613,5.470173013348546
2026-01-01T06:47:00Z,71.04153766310846,-0.3535861807310097
2026-01-01T06:48:00Z,67.50902802439902,-4.50678124850439
2026-01-01T06:49:00Z,63.90520787611552,-7.640156927461489
2026-01-01T06:50:00Z,60.255067045971664,-10.114215813700852
2026-01-01T06:51:00Z,56.57289146916021,-12.141018087099988
2026-01-01T06:52:00Z,52.86737835453264,-13.852253733789517
2026-01-01T06:53:00Z,49.14411508408187,-15.333612777920822
2026-01-01T06:54:00Z,45.406868120827546,-16.64312647779501
2026-01-01T06:55:00Z,41.6582944844485,-17.82147265887758
2026-01-01T06:56:00Z,37.900354723537816,-18.898038116028594
2026-01-01T06:57:00Z,34.13456284558272,-19.894632316651396
2026-01-01T06:58:00Z,30.362142803116274,-20.827845211144894
2026-01-01T06:59:00Z,26.584129102542587,-21.710592875809063
2026-01-01T07:00:00Z,22.801432718051757,-22.55316078505835
2026-01-01T07:01:00Z,19.01488473698868,-23.363927645761226
2026-01-01T07:02:00Z,15.22526530271114,-24.149881409839878
2026-01-01T07:03:00Z,11.433322634373456,-24.916997708117385
2026-01-01T07:04:00Z,7.639785262249656,-25.67052629933592
2026-01-01T07:05:00Z,3.8453696316547745,-26.41521614343785
2026-01-01T07:06:00Z,0.0507846307065224,-27.155500506819866
2026-01-01T07:07:00Z,-3.7432657621867382,-27.895657914370616
2026-01-01T07:08:00Z,-7.536080719719434,-28.639961553996518
2026-01-01T07:09:00Z,-11.326960799375003,-29.392828253813548
2026-01-01T07:10:00Z,-15.115205277858268,-30.158978095147525
2026-01-01T07:11:00Z,-18.900107610772796,-30.943617085277882
2026-01-01T07:12:00Z,-22.680947850637814,-31.75265835974156
2026-01-01T07:13:00Z,-26.45698051479382,-32.59300273979099
2026-01-01T07:14:00Z,-30.227415823407103,-33.472908298593836
2026-01-01T07:15:00Z,-33.9913912845587,-34.40249296020094
2026-01-01T07:16:00Z,-37.747929034155604,-35.39443775337761
2026-01-01T07:17:00Z,-41.4958716784995,-36.464997855934726
2026-01-01T07:18:00Z,-45.23378476081509,-37.63549647657152
2026-01-01T07:19:00Z,-48.95980566678359,-38.934597015614266
2026-01-01T07:20:00Z,-52.67140330433816,-40.40187008087606
2026-01-01T07:21:00Z,-56.36498277093346,-42.0935945805744
2026-01-01T07:22:00Z,-60.03520762131886,-44.09257625602692
2026-01-01T07:23:00Z,-63.67377900719231,-46.52553524017128
2026-01-01T07:24:00Z,-67.26710311462757,-49.59550297716659
2026-01-01T07:25:00Z,-70.79151527350207,-53.64558379433405
2026-01-01T07:26:00Z,-74.2026973016349,-59.291004663877565
2026-01-01T07:27:00Z,-77.41025144073443,-67.697088155322
2026-01-01T07:28:00Z,-80.21387970886285,-81.07691550866029
2026-01-01T07:29:00Z,-82.16884746270084,-102.6311845329322
2026-01-01T07:30:00Z,-82.57277666935505,-131.41582095176412
2026-01-01T07:31:00Z,-81.20929224953042,-156.87425788152385
2026-01-01T07:32:00Z,-78.70058273401472,-173.44639947189557
2026-01-01T07:33:00Z,-75.63377797746993,176.3325750512798
2026-01-01T07:34:00Z,-72.29556697777288,169.67475471760142
2026-01-01T07:35:00Z,-68.81274539884683,165.02834420007773
2026-01-01T07:36:00Z,-65.24512409050006,161.58503923104647
2026-01-01T07:37:00Z,-61.62351256462222,158.90553633784924
2026-01-01T07:38:00Z,-57.96508356641064,156.73639220941016
2026-01-01T07:39:00Z,-54.28006102374072,154.92291441054306
2026-01-01T07:40:00Z,-50.574879109795674,153.36593420679884
2026-01-01T07:41:00Z,-46.85378865462958,151.9991480957344
2026-01-01T07:42:00Z,-43.11972737363144,150.77659505319411
2026-01-01T07:43:00Z,-39.374817172180904,149.6653972540562
2026-01-01T07:44:00Z,-35.620661344877945,148.64137073024915
2026-01-01T07:45:00Z,-31.85852886697211,147.68627071623942
2026-01-01T07:46:00Z,-28.0894720950377,146.78600465187148
2026-01-01T07:47:00Z,-24.31440361846611,145.92943760958175
2026-01-01T07:48:00Z,-20.534147160728498,145.10757113135733
2026-01-01T07:49:00Z,-16.74947148359476,144.31296327469204
2026-01-01T07:50:00Z,-12.961112873804064,143.5393075279336
2026-01-01T07:51:00Z,-9.169789822267008,142.78111771593765
2026-01-01T07:52:00Z,-5.376212330585149,142.03348382256178
2026-01-01T07:53:00Z,-1.5810875690792903,141.29187457172017
2026-01-01T07:54:00Z,2.21487681822756,140.55196929110116
2026-01-01T07:55:00Z,6.010970715701302,139.8095055296647
2026-01-01T07:56:00Z,9.806479926215184,139.06013093972288
2026-01-01T07:57:00Z,13.600684062532743,138.29924847405644
2026-01-01T07:58:00Z,17.39285299812816,137.52184309360157
2026-01-01T07:59:00Z,21.1822407818082,136.72227576349556
2026-01-01T08:00:00Z,24.96807563465843,135.89402604641674
2026-01-01T08:01:00Z,28.749544164978087,135.02935713063508
2026-01-01T08:02:00Z,32.525767140160966,134.11886494999945
2026-01-01T08:03:00Z,36.295762835372,133.1508531327777
2026-01-01T08:04:00Z,40.05839175937478,132.11044239534328
2026-01-01T08:05:00Z,43.812272732652424,130.97826658065938
2026-01-01T08:06:00Z,47.555653499977986,129.72850856879492
2026-01-01T08:07:00Z,51.28620655981133,128.32584964035564
2026-01-01T08:08:00Z,55.00069692313064,126.72056702012674
2026-01-01T08:09:00Z,58.69442031147234,124.84034722795457
2026-01-01T08:10:00Z,62.36020793630589,122.57600659291151
2026-01-01T08:11:00Z,65.98656267000557,119.75532764238574
2026-01-01T08:12:00Z,69.55393102702578,116.09245033010751
2026-01-01T08:13:00Z,73.02665447737506,111.08449825641304
2026-01-01T08:14:00Z,76.33409141288347,103.79276622112224
2026-01-01T08:15:00Z,79.32331135099693,92.40847686927933
2026-01-01T08:16:00Z,81.6471564498077,73.85818176606661
2026-01-01T08:17:00Z,82.64649773371346,46.57816283394774
2026-01-01T08:18:00Z,81.82097213653103,18.680129391965565
2026-01-01T08:19:00Z,79.59609119219799,-0.7728355023419632
2026-01-01T08:20:00Z,76.65372159593176,-12.720731669194086
2026-01-01T08:21:00Z,73.3696937968272,-20.323014388997453
2026-01-01T08:22:00Z,69.91000531603923,-25.50826172258926
2026-01-01T08:23:00Z,66.35071012437614,-29.27881747775355
2026-01-01T08:24:00Z,62.729855267899765,-32.168793248053845
2026-01-01T08:25:00Z,59.06814156603309,-34.47995376822297
2026-01-01T08:26:00Z,55.37766083839308,-36.393090589099955
2026-01-01T08:27:00Z,51.665909780921254,-38.02227502461168
2026-01-01T08:28:00Z,47.937782257324606,-39.442748585764654
2026-01-01T08:29:00Z,44.19662659280118,-40.70606500243742
2026-01-01T08:30:00Z,40.44483934040709,-41.84873069095155
2026-01-01T08:31:00Z,36.68421492178985,-42.89735759647485
2026-01-01T08:32:00Z,32.916159743239234,-43.8718579340851
2026-01-01T08:33:00Z,29.14182752126414,-44.78749435077477
2026-01-01T08:34:00Z,25.36220689292054,-45.65623698693651
2026-01-01T08:35:00Z,21.578179065299647,-46.48768776226433
2026-01-01T08:36:00Z,17.790556047323392,-47.289727284666235
2026-01-01T08:37:00Z,14.0001059596506,-48.06898016326667
2026-01-01T08:38:00Z,10.207569576406517,-48.83115960214566
2026-01-01T08:39:00Z,6.413670863315371,-49.581331202637735
2026-01-01T08:40:00Z,2.6191234386429425,-50.32412310745137
2026-01-01T08:41:00Z,-1.1753656249906395,-51.0639017659019
2026-01-01T08:42:00Z,-4.9690935422669185,-51.80492787807104
2026-01-01T08:43:00Z,-8.76136015015209,-52.551504475524254
2026-01-01T08:44:00Z,-12.55146595066427,-53.30812808996763
2026-01-01T08:45:00Z,-16.338708952947595,-54.079654350900725
2026-01-01T08:46:00Z,-20.122379290545183,-54.871491214298
2026-01-01T08:47:00Z,-23.901750355924555,-55.68983672781392
2026-01-01T08:48:00Z,-27.676064789569242,-56.54198455433216
2026-01-01T08:49:00Z,-31.44451298902952,-57.43673080955186
2026-01-01T08:50:00Z,-35.20620069310993,-58.384932610886125
2026-01-01T08:51:00Z,-38.96010033986801,-59.40029654081706
2026-01-01T08:52:00Z,-42.70497772609079,-60.50052215274156
2026-01-01T08:53:00Z,-46.43927992706112,-61.70900706797873
2026-01-01T08:54:00Z,-50.16096032234212,-63.057466149335085
2026-01-01T08:55:00Z,-53.8671974740617,-64.59008862428563
2026-01-01T08:56:00Z,-57.553926865420735,-66.37038291653691
2026-01-01T08:57:00Z,-61.21502596399752,-68.49292522377971
2026-01-01T08:58:00Z,-64.84081962385953,-71.1044970835947
2026-01-01T08:59:00Z,-68.41516333865873,-74.44416268547744
2026-01-01T09:00:00Z,-71.9093225250518,-78.92354787096276
2026-01-01T09:01:00Z,-75.26804175064318,-85.29509737815692
2026-01-01T09:02:00Z,-78.3753286698303,-95.00007697245454
2026-01-01T09:03:00Z,-80.96978610105542,-110.68130322178631
2026-01-01T09:04:00Z,-82.50047153178485,-135.18176892302955
2026-01-01T09:05:00Z,-82.30473697340464,-164.20960666232205
2026-01-01T09:06:00Z,-80.48844507412365,173.1898498084721
2026-01-01T09:07:00Z,-77.75189580918997,159.04899036303127
2026-01-01T09:08:00Z,-74.57651104455485,150.2175665950653
2026-01-01T09:09:00Z,-71.18210529426571,144.3332463207016
2026-01-01T09:10:00Z,-67.6671996153896,140.14094819225033
2026-01-01T09:11:00Z,-64.0796120209873,136.9810693321829
2026-01-01T09:12:00Z,-60.44464635125817,134.4882444255688
2026-01-01T09:13:00Z,-56.7767295448566,132.44766151646837
2026-01-01T09:14:00Z,-53.084614694055674,130.72600157866125
2026-01-01T09:15:00Z,-49.37390080849912,129.23656621089827
2026-01-01T09:16:00Z,-45.64834209682976,127.92067436994344
2026-01-01T09:17:00Z,-41.91057032605754,126.73721457011965
2026-01-01T09:18:00Z,-38.16251401557814,125.65650172617437
2026-01-01T09:19:00Z,-34.40565217224997,124.65651584830641
2026-01-01T09:20:00Z,-30.64117326497658,123.72051516175031
2026-01-01T09:21:00Z,-26.870077568270972,122.8354721440712
2026-01-01T09:22:00Z,-23.093244355135408,121.99101838548607
2026-01-01T09:23:00Z,-19.311476526730768,121.17871288289149
2026-01-01T09:24:00Z,-15.525530332590845,120.39152070342521
2026-01-01T09:25:00Z,-11.736135008119422,119.62343089756695
2026-01-01T09:26:00Z,-7.944005492679352,118.86916752409493
2026-01-01T09:27:00Z,-4.149850393592889,118.12396283524966
2026-01-01T09:28:00Z,-0.3543767570004307,117.38337099646765
2026-01-01T09:29:00Z,3.4417071557383268,116.64310638914314
2026-01-01T09:30:00Z,7.237690092730415,115.89889380855847
2026-01-01T09:31:00Z,11.032856138330107,115.14631939576668
2026-01-01T09:32:00Z,14.826482247175377,114.38067123246852
2026-01-01T09:33:00Z,18.617834005849073,113.59675720031147
2026-01-01T09:34:00Z,22.406158450957825,112.78868469704014
2026-01-01T09:35:00Z,26.190672431963634,111.94958149551876
2026-01-01T09:36:00Z,29.970544439002598,111.07122827380782
2026-01-01T09:37:00Z,33.74486687924707,110.14355908217671
2026-01-01T09:38:00Z,37.51261422817054,109.15396258814376
2026-01-01T09:39:00Z,41.27257984345277,108.08627771391949
2026-01-01T09:40:00Z,45.02327964027973,106.91930986054564
2026-01-01T09:41:00Z,48.762802588386485,105.62457438335522
2026-01-01T09:42:00Z,52.48857263811057,104.1627544183955
2026-01-01T09:43:00Z,56.19695680711302,102.47794044118847
2026-01-01T09:44:00Z,59.882593060739524,100.48788038086326
2026-01-01T09:45:00Z,63.53717934559575,98.06671157379557
2026-01-01T09:46:00Z,67.14715965980601,95.01277651032964
2026-01-01T09:47:00Z,70.68898533455726,90.98523563322634
2026-01-01T09:48:00Z,74.11860902265163,85.37258908482627
2026-01-01T09:49:00Z,77.34620641540552,77.01486357703645
2026-01-01T09:50:00Z,80.1724803859901,63.70026282502288
2026-01-01T09:51:00Z,82.15280563912305,42.18910961211857
2026-01-01T09:52:00Z,82.57713693852847,13.316531037974078
2026-01-01T09:53:00Z,81.21718615394234,-12.29646180023972
2026-01-01T09:54:00Z,78.6994429153417,-28.952337269965362
2026-01-01T09:55:00Z,75.61906374141937,-39.20379523595418
2026-01-01T09:56:00Z,72.26606780770537,-45.87076238457395
2026-01-01T09:57:00Z,68.76834139873641,-50.51860217707866
2026-01-01T09:58:00Z,65.18609009973687,-53.960586027513
2026-01-01T09:59:00Z,61.55030044054144,-56.637872285257565
2026-01-01T10:00:00Z,57.8782476724112,-58.80462039191533
2026-01-01T10:01:00Z,54.18023006988903,-60.61579971966665
2026-01-01T10:02:00Z,50.46274425985887,-62.17067844888678
2026-01-01T10:03:00Z,46.730097645344806,-63.535585944679845
2026-01-01T10:04:00Z,42.98528083842889,-64.75647885653876
2026-01-01T10:05:00Z,39.23046564697541,-65.86621910485216
2026-01-01T10:06:00Z,35.4673023088956,-66.88897141153679
2026-01-01T10:07:00Z,31.69710353155791,-67.84296148691364
2026-01-01T10:08:00Z,27.920961812784004,-68.74226445029545
2026-01-01T10:09:00Z,24.1398258622121,-69.59799986489129
2026-01-01T10:10:00Z,20.354551064126134,-70.41915293204246
2026-01-01T10:11:00Z,16.565932961425396,-71.2131542940494
2026-01-01T10:12:00Z,12.77472935926663,-71.98630090115117
2026-01-01T10:13:00Z,8.98167467332675,-72.74407087384719
2026-01-01T10:14:00Z,5.18748896943879,-73.49136745494593
2026-01-01T10:15:00Z,1.3928834280864193,-74.23271621431205
2026-01-01T10:16:00Z,-2.4014364642565686,-74.97243297833757
2026-01-01T10:17:00Z,-6.194768947482444,-75.71477600289703
2026-01-01T10:18:00Z,-9.986414324613248,-76.4640938633375
2026-01-01T10:19:00Z,-13.775672719486959,-77.22497998784735
2026-01-01T10:20:00Z,-17.561840320423144,-78.00244560445958
2026-01-01T10:21:00Z,-21.344203025019347,-78.80212527152061
2026-01-01T10:22:00Z,-25.12202611956828,-79.63053360061292
2026-01-01T10:23:00Z,-28.89453814880573,-80.49539920174074
2026-01-01T10:24:00Z,-32.66090634182616,-81.40611397357563
2026-01-01T10:25:00Z,-36.42019965150159,-82.37435562715237
2026-01-01T10:26:00Z,-40.17133326346771,-83.41497417116526
2026-01-01T10:27:00Z,-43.912984639437575,-84.54728897581988
2026-01-01T10:28:00Z,-47.643464433010294,-85.79704098092323
2026-01-01T10:29:00Z,-51.36051325273788,-87.19942219378373
2026-01-01T10:30:00Z,-55.06097157075197,-88.80393911811676
2026-01-01T10:31:00Z,-58.74022253708003,-90.68252420729162
2026-01-01T10:32:00Z,-62.39120669173118,-92.94366316913414
2026-01-01T10:33:00Z,-66.00258036031734,-95.75823286962786
2026-01-01T10:34:00Z,-69.555040628157,-99.40936890157639
2026-01-01T10:35:00Z,-73.01341367428726,-104.39404950817323
2026-01-01T10:36:00Z,-76.30816322912723,-111.63746440732008
2026-01-01T10:37:00Z,-79.28923237684728,-122.9176808933763
2026-01-01T10:38:00Z,-81.61696094707303,-141.26062583109086
2026-01-01T10:39:00Z,-82.6439266963562,-168.30212159296147
2026-01-01T10:40:00Z,-81.86220549900926,163.78712624378898
2026-01-01T10:41:00Z,-79.6744179841274,144.1680312277459
2026-01-01T10:42:00Z,-76.7594164361107,132.0873031258371
2026-01-01T10:43:00Z,-73.49722346279745,124.40163239424032
2026-01-01T10:44:00Z,-70.05641386390288,119.16408925879246
2026-01-01T10:45:00Z,-66.5142222866177,115.35923220790407
2026-01-01T10:46:00Z,-62.90922910858112,112.44565949141946
2026-01-01T10:47:00Z,-59.262378755898375,110.11757962730472
2026-01-01T10:48:00Z,-55.58587002113782,108.19189005784735
2026-01-01T10:49:00Z,-51.887238043626354,106.55313102873326
2026-01-01T10:50:00Z,-48.1713789831881,105.12518987977863
2026-01-01T10:51:00Z,-44.44162382569922,103.85594481440498
2026-01-01T10:52:00Z,-40.7003411660473,102.70850638407241
2026-01-01T10:53:00Z,-36.949292116830485,101.65599685614801
2026-01-01T10:54:00Z,-33.18984771706208,100.67831503705288
2026-01-01T10:55:00Z,-29.42312645711549,99.76006115377419
2026-01-01T10:56:00Z,-25.650083451983697,98.88916391774627
2026-01-01T10:57:00Z,-21.871569261064167,98.05594587207084
2026-01-01T10:58:00Z,-18.088369029981454,97.25246955971937
2026-01-01T10:59:00Z,-14.301228522243022,96.47206750353998
2026-01-01T11:00:00Z,-10.510871232951782,95.70899437191544
2026-01-01T11:01:00Z,-6.718009368986627,94.95816093456162
2026-01-01T11:02:00Z,-2.9233506316750035,94.21492237942212
2026-01-01T11:03:00Z,0.8723977754968761,93.47490152338094
2026-01-01T11:04:00Z,4.66852679615649,92.73383224212867
2026-01-01T11:05:00Z,8.464323875105874,91.98741109386722
2026-01-01T11:06:00Z,12.259071128976485,91.23114615549713
2026-01-01T11:07:00Z,16.05204242141207,90.46019173319398
2026-01-01T11:08:00Z,19.842498314362746,89.66915578155884
2026-01-01T11:09:00Z,23.62967763345107,88.8518632026517
2026-01-01T11:10:00Z,27.41278398225975,88.00105193411326
2026-01-01T11:11:00Z,31.1909648726276,87.10796848246244
2026-01-01T11:12:00Z,34.9632800358858,86.1618128410628
2026-01-01T11:13:00Z,38.72865363792285,85.14895512986953
2026-01-01T11:14:00Z,42.48580197551645,84.05179970915395
2026-01-01T11:15:00Z,46.233122707841545,82.84709168664197
2026-01-01T11:16:00Z,49.96852164664585,81.50331584601535
2026-01-01T11:17:00Z,53.68913418567013,79.97656855139651
2026-01-01T11:18:00Z,57.390861019647375,78.20376089673519
2026-01-01T11:19:00Z,61.067559897214906,76.09095198297513
2026-01-01T11:20:00Z,64.70956307815204,73.49235510229084
2026-01-01T11:21:00Z,68.30078374650627,70.1705168016547
2026-01-01T11:22:00Z,71.81264219570227,65.71647967922992
2026-01-01T11:23:00Z,75.19023147955336,59.38211026705588
2026-01-01T11:24:00Z,78.31827115067706,49.73149343894768
2026-01-01T11:25:00Z,80.9364018656767,34.11666523836248
2026-01-01T11:26:00Z,82.49229875099401,9.628192977834756
2026-01-01T11:27:00Z,82.31221486823428,-19.530301880911463
2026-01-01T11:28:00Z,80.494310916041,-42.26787129633599
2026-01-01T11:29:00Z,77.74664486739573,-56.47055472679522
2026-01-01T11:30:00Z,74.55709573030185,-65.3231169718162
2026-01-01T11:31:00Z,71.14780342933302,-71.21320065306287
2026-01-01T11:32:00Z,67.61805997920646,-75.4057153294028
2026-01-01T11:33:00Z,64.01598000156467,-78.56386203194606
2026-01-01T11:34:00Z,60.36701161259079,-81.05436641734146
2026-01-01T11:35:00Z,56.685672204338786,-83.09256867893984
2026-01-01T11:36:00Z,52.98078428858437,-84.81198970197016
2026-01-01T11:37:00Z,49.25800701294322,-86.29939635547211
2026-01-01T11:38:00Z,45.52114981428496,-87.61348273780037
2026-01-01T11:39:00Z,41.77289633901298,-88.7953509314029
2026-01-01T11:40:00Z,38.01522404994077,-89.87466848513513
2026-01-01T11:41:00Z,34.24965787816856,-90.87343598578138
2026-01-01T11:42:00Z,30.47742889277553,-91.80837660513633
2026-01-01T11:43:00Z,26.69957624256482,-92.69250109189596
2026-01-01T11:44:00Z,22.917013912809857,-93.53616319564742
2026-01-01T11:45:00Z,19.130574920174364,-94.34779132737334
2026-01-01T11:46:00Z,15.341040623082979,-95.13440971523876
2026-01-01T11:47:00Z,11.549159991724299,-95.90202026597099
2026-01-01T11:48:00Z,7.75566201488206,-96.65589130907853
2026-01-01T11:49:00Z,3.961263419980339,-97.40078419012796
2026-01-01T11:50:00Z,0.16667327574517793,-98.14113934010207
2026-01-01T11:51:00Z,-3.627404318269917,-98.88123776645642
2026-01-01T11:52:00Z,-7.420268459459891,-99.6253506417455
2026-01-01T11:53:00Z,-11.211219689119622,-100.37788813334448
2026-01-01T11:54:00Z,-14.999557368162554,-101.14355851897507
2026-01-01T11:55:00Z,-18.784575210096524,-101.9275499474058
2026-01-01T11:56:00Z,-22.56555381211439,-102.73575019160248
2026-01-01T11:57:00Z,-26.34174868914891,-103.57502501261857
2026-01-01T11:58:00Z,-30.1123717530716,-104.45358445024853
2026-01-01T11:59:00Z,-33.87656325038286,-105.38148051387154
2026-01-01T12:00:00Z,-37.63334962700701,-106.37130298491117
2026-01-01T12:01:00Z,-41.38158017231921,-107.43917892539845
2026-01-01T12:02:00Z,-45.119830747452724,-108.60624825669385
2026-01-01T12:03:00Z,-48.846254747915616,-109.90090602278681
2026-01-01T12:04:00Z,-52.55834627122087,-111.36231890087706
2026-01-01T12:05:00Z,-56.25255096435652,-113.046137637248
2026-01-01T12:06:00Z,-59.923599803915316,-115.03415303077726
2026-01-01T12:07:00Z,-63.56331094352966,-117.45137061933306
2026-01-01T12:08:00Z,-67.1583049823366,-120.497772995728
2026-01-01T12:09:00Z,-70.68533760058916,-124.510727356542
2026-01-01T12:10:00Z,-74.10098335858031,-130.09406192966387
2026-01-01T12:11:00Z,-77.31690605593921,-138.38999167844125
2026-01-01T12:12:00Z,-80.1377718674521,-151.57187544337623
2026-01-01T12:13:00Z,-82.12857002284159,-172.84306970463686
2026-01-01T12:14:00Z,-82.5882820442598,158.46609978543134
2026-01-01T12:15:00Z,-81.27166036444999,132.7597085510428
2026-01-01T12:16:00Z,-78.78745085092326,115.93931576545627
2026-01-01T12:17:00Z,-75.73223757573734,105.57273552602409
2026-01-01T12:18:00Z,-72.39992036031923,98.83432545852834
2026-01-01T12:19:00Z,-68.92040580882362,94.14110434827016
2026-01-01T12:20:00Z,-65.35481109153736,90.66888003076915
2026-01-01T12:21:00Z,-61.73453675004521,87.9704935211447
2026-01-01T12:22:00Z,-58.07704636581644,85.78843681303988
2026-01-01T12:23:00Z,-54.39271792865878,83.96579030335934
2026-01-01T12:24:00Z,-50.68807231398751,82.40209705978485
2026-01-01T12:25:00Z,-46.967411555755426,81.03027209265353
2026-01-01T12:26:00Z,-43.23370475713407,79.80386039522551
2026-01-01T12:27:00Z,-39.48909359974304,78.68966072098235
2026-01-01T12:28:00Z,-35.73519406978226,77.66327092113973
2026-01-01T12:29:00Z,-31.973283366535995,76.70629528692226
2026-01-01T12:30:00Z,-28.204419179899574,75.80453463654092
2026-01-01T12:31:00Z,-24.4295175276226,74.94677748669308
2026-01-01T12:32:00Z,-20.649404293238884,74.12396978125355
2026-01-01T12:33:00Z,-16.86484955313236,73.3286289884335
2026-01-01T12:34:00Z,-13.076590350251374,72.55441906676356
2026-01-01T12:35:00Z,-9.285345570651359,71.79583272647494
2026-01-01T12:36:00Z,-5.491825385444868,71.04794548922416
2026-01-01T12:37:00Z,-1.6967369991541488,70.30621712747443
2026-01-01T12:38:00Z,2.0992119900136808,69.56632284988743
2026-01-01T12:39:00Z,5.895311566424258,68.82400061461612
2026-01-01T12:40:00Z,9.690847688353754,68.07490304251456
2026-01-01T12:41:00Z,13.485100207953927,67.31444298474663
2026-01-01T12:42:00Z,17.27733938104732,66.53762098796312
2026-01-01T12:43:00Z,21.066819877529717,65.73882053544196
2026-01-01T12:44:00Z,24.852770922101282,64.91155254753265
2026-01-01T12:45:00Z,28.634380719615375,64.04812326513391
2026-01-01T12:46:00Z,32.41077253463059,63.13918763938747
2026-01-01T12:47:00Z,36.18096849607684,62.173130731111925
2026-01-01T12:48:00Z,39.943835014057214,61.13518702272432
2026-01-01T12:49:00Z,43.6979999351898,60.00615206154494
2026-01-01T12:50:00Z,47.4417248911335,58.76044360988435
2026-01-01T12:51:00Z,51.17270403268401,57.363093164773225
2026-01-01T12:52:00Z,54.88773685915806,55.76491655589428
2026-01-01T12:53:00Z,58.58217570258706,53.89445931390462
2026-01-01T12:54:00Z,62.24894847168451,51.643967275815235
2026-01-01T12:55:00Z,65.87673183530694,48.843721909262236
2026-01-01T12:56:00Z,69.44630514823143,45.21248099338885
2026-01-01T12:57:00Z,72.92269810020875,40.256405215958694
2026-01-01T12:58:00Z,76.23681906113542,33.055189596781254
2026-01-01T12:59:00Z,79.23947175115283,21.835200184217413
2026-01-01T13:00:00Z,81.59184574768969,3.553376545295641
2026-01-01T13:01:00Z,82.64261683920164,-23.52066719781127
2026-01-01T13:02:00Z,81.87082191777043,-51.585694706791635
2026-01-01T13:03:00Z,79.67731183705719,-71.31654826644991
2026-01-01T13:04:00Z,76.74977309949529,-83.44180487999841
2026-01-01T13:05:00Z,73.47304629892709,-91.14187978798269
2026-01-01T13:06:00Z,70.01732179763886,-96.38275418494895
2026-01-01T13:07:00Z,66.460388260414,-100.18696277598482
2026-01-01T13:08:00Z,62.84105457146907,-103.0985242904641
2026-01-01T13:09:00Z,59.18038597974809,-105.424231020971
2026-01-01T13:10:00Z,55.49066281315427,-107.3475747343184
2026-01-01T13:11:00Z,51.77948583844961,-108.98416076276196
2026-01-01T13:12:00Z,48.0518094620025,-110.4101468999249
2026-01-01T13:13:00Z,44.311018703996275,-111.67765843275123
2026-01-01T13:14:00Z,40.55953305971843,-112.82357178873207
2026-01-01T13:15:00Z,36.799161615604724,-113.87474614745615
2026-01-01T13:16:00Z,33.03132028350683,-114.85126340155078
2026-01-01T13:17:00Z,29.257168980241694,-115.76850527034658
2026-01-01T13:18:00Z,25.477700383154204,-116.63852695951054
2026-01-01T13:19:00Z,21.69379831135749,-117.47099196153079
2026-01-01T13:20:00Z,17.906276438884163,-118.27382578464574
2026-01-01T13:21:00Z,14.115903928683807,-119.0536857716465
2026-01-01T13:22:00Z,10.323422195813782,-119.81630870470372
2026-01-01T13:23:00Z,6.529555597160868,-120.5667766212839
2026-01-01T13:24:00Z,2.735017993969565,-121.30972827964595
2026-01-01T13:25:00Z,-1.0594833827634196,-122.0495357398751
2026-01-01T13:26:00Z,-4.853245641426037,-122.79046072710332
2026-01-01T13:27:00Z,-8.645568559882987,-123.53680278867068
2026-01-01T13:28:00Z,-12.4357526503115,-124.29305020631435
2026-01-01T13:29:00Z,-16.223096052311604,-125.06404497184909
2026-01-01T13:30:00Z,-20.00688923526557,-125.85517494709092
2026-01-01T13:31:00Z,-23.78640626129824,-126.67260996708752
2026-01-01T13:32:00Z,-27.560890961814376,-127.52360486555555
2026-01-01T13:33:00Z,-31.329535718849968,-128.41690258311687
2026-01-01T13:34:00Z,-35.09144944928443,-129.36328710916212
2026-01-01T13:35:00Z,-38.845609562817565,-130.376363384038
2026-01-01T13:36:00Z,-42.59078954619723,-131.4736874522005
2026-01-01T13:37:00Z,-46.325448354736345,-132.67845018367305
2026-01-01T13:38:00Z,-50.04755786692124,-134.02206116798254
2026-01-01T13:39:00Z,-53.754325937486946,-135.54824552857457
2026-01-01T13:40:00Z,-57.44173564858379,-137.31978145062254
2026-01-01T13:41:00Z,-61.10374461648196,-139.43004901356744
2026-01-01T13:42:00Z,-64.73081906318367,-142.02377683430853
2026-01-01T13:43:00Z,-68.3070788716371,-145.33631282492098
2026-01-01T13:44:00Z,-71.80432071033692,-149.77215886810708
2026-01-01T13:45:00Z,-75.16844901096137,-156.06941611855228
2026-01-01T13:46:00Z,-78.28621106021357,-165.64076832895816
2026-01-01T13:47:00Z,-80.90268083967462,178.91121971897616
2026-01-01T13:48:00Z,-82.47692760825764,154.67886492362211
2026-01-01T13:49:00Z,-82.33786807305664,125.61405362444007
2026-01-01T13:50:00Z,-80.56081356652689,102.73229361510931
2026-01-01T13:51:00Z,-77.84345978066021,88.37787527762839
2026-01-01T13:52:00Z,-74.67729200345214,79.42647529282479
2026-01-01T13:53:00Z,-71.28772493364265,73.47499222584743
2026-01-01T13:54:00Z,-67.77561715177947,69.24289356979467
2026-01-01T13:55:00Z,-64.18978819717584,66.0579576379555
2026-01-01T13:56:00Z,-60.556007762631374,63.54850873800107
2026-01-01T13:57:00Z,-56.88893788171115,61.496409241302494
2026-01-01T13:58:00Z,-53.197458822618316,59.76648459638957
2026-01-01T13:59:00Z,-49.48724238334042,58.270945688126424
2026-01-01T14:00:00Z,-45.76208632946262,56.950440476152316
2026-01-01T14:01:00Z,-42.024649393888424,55.763428223887246
2026-01-01T14:02:00Z,-38.27687720398884,54.679939922068904
2026-01-01T14:03:00Z,-34.52025979061021,53.677762382797084
2026-01-01T14:04:00Z,-30.755992774966533,52.74001920595956
2026-01-01T14:05:00Z,-26.985081061761253,51.85358722234768
2026-01-01T14:06:00Z,-23.20840688507857,51.00802905297018
2026-01-01T14:07:00Z,-19.42677499428367,50.194853483398575
2026-01-01T14:08:00Z,-15.64094274657565,49.406988923830205
2026-01-01T14:09:00Z,-11.851639998574399,48.638397854602985
2026-01-01T14:10:00Z,-8.059581999351893,47.883785528564
2026-01-01T14:11:00Z,-4.26547747382864,47.13837161683682
2026-01-01T14:12:00Z,-0.47003347178981725,46.397702950085005
2026-01-01T14:13:00Z,3.3260418103819624,45.657491270871034
2026-01-01T14:14:00Z,7.122037237423878,44.913463237915806
2026-01-01T14:15:00Z,10.917237071884015,44.16121149630127
2026-01-01T14:16:00Z,14.710918546080912,43.39603576045452
2026-01-01T14:17:00Z,18.502347693737324,42.61276157447405
2026-01-01T14:18:00Z,22.29077227783708,41.80552146387542
2026-01-01T14:19:00Z,26.075410316285815,40.9674779699145
2026-01-01T14:20:00Z,29.855432147445043,40.09045942984073
2026-01-01T14:21:00Z,33.629933055196204,39.16446531523388
2026-01-01T14:22:00Z,37.397891940311915,38.176974873413634
2026-01-01T14:23:00Z,41.15810892929005,37.11195421611391
2026-01-01T14:24:00Z,44.90911030166318,35.94839071295176
2026-01-01T14:25:00Z,48.649001028356075,34.658066146394205
2026-01-01T14:26:00Z,52.37523015852923,33.202064677423174
2026-01-01T14:27:00Z,56.08420503783123,31.5251004273242
2026-01-01T14:28:00Z,59.77063060934677,29.54592901011127
2026-01-01T14:29:00Z,63.42632097369999,27.140390300146432
2026-01-01T14:30:00Z,67.03793291590507,24.10985507113798
2026-01-01T14:31:00Z,70.58233491530437,20.119185878382215
2026-01-01T14:32:00Z,74.01636594409287,14.568228677945255
2026-01-01T14:33:00Z,77.2522513365776,6.320094101438911
2026-01-01T14:34:00Z,80.09564942032034,-6.7968769994418015
2026-01-01T14:35:00Z,82.11175758554033,-28.022713869306305
2026-01-01T14:36:00Z,82.59224447997487,-56.796695984849045
2026-01-01T14:37:00Z,81.27970113205085,-82.65849134512216
2026-01-01T14:38:00Z,78.78671726664265,-99.56491141974388
2026-01-01T14:39:00Z,75.71802072104693,-109.96298762856188
2026-01-01T14:40:00Z,72.37095285479074,-116.71094838749706
2026-01-01T14:41:00Z,68.87654799907764,-121.40575352547192
2026-01-01T14:42:00Z,65.29632943161546,-124.87671758955688
2026-01-01T14:43:00Z,61.661878457907704,-127.57291101900174
2026-01-01T14:44:00Z,57.9907625079818,-129.75257969255318
2026-01-01T14:45:00Z,54.29343443230847,-131.57292903978998
2026-01-01T14:46:00Z,50.57647776699795,-133.13451926690303
2026-01-01T14:47:00Z,46.844251208583565,-134.50446293464663
2026-01-01T14:48:00Z,43.099776804203444,-135.7292114494415
2026-01-01T14:49:00Z,39.34524617496486,-136.84195049929184
2026-01-01T14:50:00Z,35.582322291813426,-137.8670631315221
2026-01-01T14:51:00Z,31.812326139164135,-138.82292604838509
2026-01-01T14:52:00Z,28.03635561632593,-139.72372099412374
2026-01-01T14:53:00Z,24.255362946319835,-140.58064407031011
2026-01-01T14:54:00Z,20.47020577596151,-141.40273605053298
2026-01-01T14:55:00Z,16.68168108249223,-142.19746813800214
2026-01-01T14:56:00Z,12.890547563467141,-142.97116678473066
2026-01-01T14:57:00Z,9.097540181072732,-143.72933119945523
2026-01-01T14:58:00Z,5.30337933547607,-144.4768790630455
2026-01-01T14:59:00Z,1.5087764176000173,-145.21834487522244
2026-01-01T15:00:00Z,-2.285562946569877,-145.95804856266423
2026-01-01T15:01:00Z,-6.078936904976796,-146.70024795668496
2026-01-01T15:02:00Z,-9.870645720029621,-147.4492866530188
2026-01-01T15:03:00Z,-13.659989557362817,-148.20974817629548
2026-01-01T15:04:00Z,-17.44626479081931,-148.98662817231633
2026-01-01T15:05:00Z,-21.228757745068012,-149.78553869789624
2026-01-01T15:06:00Z,-25.00673452042108,-150.61296304409728
2026-01-01T15:07:00Z,-28.77942507398172,-151.47658683822195
2026-01-01T15:08:00Z,-32.54599895335169,-152.38574308472482
2026-01-01T15:09:00Z,-36.30552879085762,-153.3520282729628
2026-01-01T15:10:00Z,-40.05693550032558,-154.3901790043428
2026-01-01T15:11:00Z,-43.79890539099501,-155.51935355823468
2026-01-01T15:12:00Z,-47.52976280649702,-156.76505905659423
2026-01-01T15:13:00Z,-51.24726976784907,-158.16213917833534
2026-01-01T15:14:00Z,-54.94830090310698,-159.75956527168282
2026-01-01T15:15:00Z,-58.62829544386133,-161.62841732045803
2026-01-01T15:16:00Z,-62.28028966994302,-163.8757645054301
2026-01-01T15:17:00Z,-65.89311176161993,-166.67001193682586
2026-01-01T15:18:00Z,-69.44778727314106,-170.28973787722558
2026-01-01T15:19:00Z,-72.90981970200764,-175.22302638183288
2026-01-01T15:20:00Z,-76.21119279248208,177.62298686476637
2026-01-01T15:21:00Z,-79.20549747857041,166.50466963927545
2026-01-01T15:22:00Z,-81.56122484591502,148.4266993128717
2026-01-01T15:23:00Z,-82.63883393378265,121.59438368202792
2026-01-01T15:24:00Z,-81.91073823229607,93.52532202388613
2026-01-01T15:25:00Z,-79.75464261280527,73.6290724625559
2026-01-01T15:26:00Z,-76.85468293156137,61.369311747391315
2026-01-01T15:27:00Z,-73.59989229654173,53.584639957397975
2026-01-01T15:28:00Z,-70.16309588412754,48.290771117220714
2026-01-01T15:29:00Z,-66.62329215989682,44.451857050455246
2026-01-01T15:30:00Z,-63.01983622274484,41.516454505374604
2026-01-01T15:31:00Z,-59.3740428496083,39.1736737885478
2026-01-01T15:32:00Z,-55.698302253786565,37.237674918637076
2026-01-01T15:33:00Z,-52.00025517556457,35.59144378300102
2026-01-01T15:34:00Z,-48.28485916625543,34.15793981978983
2026-01-01T15:35:00Z,-44.55548239517515,32.8844627498822
2026-01-01T15:36:00Z,-40.81451668330225,31.733748822162873
2026-01-01T15:37:00Z,-37.06373796696715,30.678670315851427
2026-01-01T15:38:00Z,-33.304526867501075,29.69895453632042
2026-01-01T15:39:00Z,-29.53800809410726,28.7790813955651
2026-01-01T15:40:00Z,-25.76514077644614,27.906893669992975
2026-01-01T15:41:00Z,-21.986778024967023,27.072651705304352
2026-01-01T15:42:00Z,-18.203706560034636,26.26837268380887
2026-01-01T15:43:00Z,-14.416673072111994,25.48735604604514
2026-01-01T15:44:00Z,-10.626401560621147,24.723832610045175
2026-01-01T15:45:00Z,-6.833604469069127,23.972696489218148
2026-01-01T15:46:00Z,-3.038989572568985,23.229292070283773
2026-01-01T15:47:00Z,0.7567359476057057,22.4892363950622
2026-01-01T15:48:00Z,4.55286311745667,21.74826216058238
2026-01-01T15:49:00Z,8.34867951607683,21.002069257033426
2026-01-01T15:50:00Z,12.143467465010849,20.246173851341915
2026-01-01T15:51:00Z,15.936501151119941,19.47574370992606
2026-01-01T15:52:00Z,19.72704165965027,18.685406674983888
2026-01-01T15:53:00Z,23.514328664735,17.869015610621595
2026-01-01T15:54:00Z,27.29756712777546,17.01934696895735
2026-01-01T15:55:00Z,31.075906696470994,16.127700024257077
2026-01-01T15:56:00Z,34.84841041195411,15.183347356267465
2026-01-01T15:57:00Z,38.61400751861211,14.172759988191194
2026-01-01T15:58:00Z,42.37142207782222,13.078484755507597
2026-01-01T15:59:00Z,46.11906365989847,11.877472032743304
2026-01-01T16:00:00Z,49.854856544446186,10.538509685158362
2026-01-01T16:01:00Z,53.57596529209283,9.018154846902785
2026-01-01T16:02:00Z,57.27833791678026,7.2540436130884665
2026-01-01T16:03:00Z,60.95591176844611,5.153422693732134
2026-01-01T16:04:00Z,64.59915943194764,2.5725440250795146
2026-01-01T16:05:00Z,68.19225646568911,-0.7223540295267442
2026-01-01T16:06:00Z,71.70715041125051,-5.133145867897782
2026-01-01T16:07:00Z,75.09008620435394,-11.393676148445937
2026-01-01T16:08:00Z,78.22850962649706,-20.911243177179287
2026-01-01T16:09:00Z,80.86853742180756,-36.29272770965249
2026-01-01T16:10:00Z,82.46804492998207,-60.50942355805131
2026-01-01T16:11:00Z,82.34514409498098,-89.7014108537683
2026-01-01T16:12:00Z,80.56694027587027,-112.7222793347862
2026-01-01T16:13:00Z,77.83865597834753,-127.1404131621627
2026-01-01T16:14:00Z,74.65838942915616,-136.1137342381595
2026-01-01T16:15:00Z,71.25396155013767,-142.07127658912802
2026-01-01T16:16:00Z,67.72702712626723,-146.30370649019525
2026-01-01T16:17:00Z,64.12671018218327,-149.48695555652944
2026-01-01T16:18:00Z,60.47892735756039,-151.9941011351049
2026-01-01T16:19:00Z,56.798432120344486,-154.04382530627788
2026-01-01T16:20:00Z,53.09417454083963,-155.7715112374879
2026-01-01T16:21:00Z,49.37188671215275,-157.26501946404366
2026-01-01T16:22:00Z,45.63542169936564,-158.5837164110415
2026-01-01T16:23:00Z,41.88749015686015,-159.76913401558596
2026-01-01T16:24:00Z,38.130086693137294,-160.85122401784696
2026-01-01T16:25:00Z,34.36474730825512,-161.8521803105428
2026-01-01T16:26:00Z,30.59271028154896,-162.78886072247371
2026-01-01T16:27:00Z,26.815019465808483,-163.67437164493023
2026-01-01T16:28:00Z,23.032591898327762,-164.51913577647062
2026-01-01T16:29:00Z,19.246262552365724,-165.33163171290275
2026-01-01T16:30:00Z,15.456814019466735,-166.1189203113399
2026-01-01T16:31:00Z,11.66499603259255,-166.88703002145462
2026-01-01T16:32:00Z,7.87153804644817,-167.64124795330022
2026-01-01T16:33:00Z,4.07715707511139,-168.38634801049474
2026-01-01T16:34:00Z,0.2825623706954847,-169.12677793834627
2026-01-01T16:35:00Z,-3.511541844179544,-169.86682136565494
2026-01-01T16:36:00Z,-7.304454589695232,-170.61074758767262
2026-01-01T16:37:00Z,-11.095476388246112,-171.3629602586067
2026-01-01T16:38:00Z,-14.883906680540402,-172.12815602099275
2026-01-01T16:39:00Z,-18.669039430804922,-172.9115053685725
2026-01-01T16:40:00Z,-22.45015576958529,-173.7188709691814
2026-01-01T16:41:00Z,-26.22651219204759,-174.55708386204108
2026-01-01T16:42:00Z,-29.997322275639615,-175.43430651268577
2026-01-01T16:43:00Z,-33.761728966244455,-176.36052565669286
2026-01-01T16:44:00Z,-37.51876296133712,-177.3482407471205
2026-01-01T16:45:00Z,-41.26728014483969,-178.41345208410593
2026-01-01T16:46:00Z,-45.00586655922146,-179.57711835406195
2026-01-01T16:47:00Z,-48.73269139360209,179.13263054586488
2026-01-01T16:48:00Z,-52.44527358128868,177.6770266734519
2026-01-01T16:49:00Z,-56.14009871615095,176.0010386986698
2026-01-01T16:50:00Z,-59.811964119435046,174.02387537805828
2026-01-01T16:51:00Z,-63.45280290837384,171.62221731465058
2026-01-01T16:52:00Z,-67.04944597084975,168.59907520696242
2026-01-01T16:53:00Z,-70.57906032346611,164.62270452881555
2026-01-01T16:54:00Z,-73.99909187184508,159.10043238481043
2026-01-01T16:55:00Z,-77.22321184289889,150.9126738030926
2026-01-01T16:56:00Z,-80.06092278084446,137.92545767992448
2026-01-01T16:57:00Z,-82.08683510136187,116.93691602723753
2026-01-01T16:58:00Z,-82.60204143910457,88.35148264105888
2026-01-01T16:59:00Z,-81.33295851397142,62.40264960610548
2026-01-01T17:00:00Z,-78.87381299122424,45.33096110858405
2026-01-01T17:01:00Z,-75.8304501881987,34.81616260909206
2026-01-01T17:02:00Z,-72.50414069422082,27.995740813363238
2026-01-01T17:03:00Z,-69.02798732167619,23.25497151763051
2026-01-01T17:04:00Z,-65.4644473126209,19.75342571556557
2026-01-01T17:05:00Z,-61.84552593183619,17.035922711616
2026-01-01T17:06:00Z,-58.18898360844707,14.840810844144546
2026-01-01T17:07:00Z,-54.505355255865126,13.008904009183302
2026-01-01T17:08:00Z,-50.80124991583911,11.438436371149026
2026-01-01T17:09:00Z,-47.08102162299618,10.061529967525091
2026-01-01T17:10:00Z,-43.347671325138506,8.831229131107182
2026-01-01T17:11:00Z,-39.603360753783384,7.714005146724344
2026-01-01T17:12:00Z,-35.84971875666623,6.685235140287375
2026-01-01T17:13:00Z,-32.08803086571182,5.726370806748837
2026-01-01T17:14:00Z,-28.319360175029537,4.823105236475735
2026-01-01T17:15:00Z,-24.544626177619637,3.964149629388772
2026-01-01T17:16:00Z,-20.764656948226477,3.140393793491077
2026-01-01T17:17:00Z,-16.980223898404276,2.3443142171285465
2026-01-01T17:18:00Z,-13.192064840608921,1.569545036753789
2026-01-01T17:19:00Z,-9.400899064347062,0.8105576215604985
2026-01-01T17:20:00Z,-5.6074369151349215,0.06241284806517837
2026-01-01T17:21:00Z,-1.8123856343973348,-0.6794386183234935
2026-01-01T17:22:00Z,1.9835472240115586,-1.4193258287558772
2026-01-01T17:23:00Z,5.779651743377902,-2.161510552458312
2026-01-01T17:24:00Z,9.575214035863933,-2.910335342438591
2026-01-01T17:25:00Z,13.369514190191463,-3.670377608169041
2026-01-01T17:26:00Z,17.16182283941164,-4.446621405932109
2026-01-01T17:27:00Z,20.95139526581661,-5.244660969507425
2026-01-01T17:28:00Z,24.737461683783465,-6.070954326349271
2026-01-01T17:29:00Z,28.51921187310534,-6.933152593311354
2026-01-01T17:30:00Z,32.2957715626423,-7.840542369674855
2026-01-01T17:31:00Z,36.06616668540962,-8.804657969201248
2026-01-01T17:32:00Z,39.829269477389126,-9.840152322198422
2026-01-01T17:33:00Z,43.58371669510899,-10.966069947349899
2026-01-01T17:34:00Z,47.32778367416245,-12.207760940405748
2026-01-01T17:35:00Z,51.05918592107046,-13.599847973697477
2026-01-01T17:36:00Z,54.77475692446478,-15.190983900462525
2026-01-01T17:37:00Z,58.46990474870666,-17.051776815846786
2026-01-01T17:38:00Z,62.137652369087455,-19.288574366780274
2026-01-01T17:39:00Z,65.7668470242249,-22.068640275132935
2026-01-01T17:40:00Z,69.33859403306401,-25.668688474717694
2026-01-01T17:41:00Z,72.8185953922157,-30.573711122379933
2026-01-01T17:42:00Z,76.1392696956364,-37.68600802565546
2026-01-01T17:43:00Z,79.15505517547186,-48.744621865711586
2026-01-01T17:44:00Z,81.53532802175684,-66.76054646053362
2026-01-01T17:45:00Z,82.63693552649386,-93.62065276887753
2026-01-01T17:46:00Z,81.91933696957888,-121.84262931205032
2026-01-01T17:47:00Z,79.75788049465487,-141.85312087470922
2026-01-01T17:48:00Z,76.84551610430226,-154.158875849515
2026-01-01T17:49:00Z,73.57623948318752,-161.958524318191
2026-01-01T17:50:00Z,70.12454771203076,-167.2559420551723
2026-01-01T17:51:00Z,66.57001049338707,-171.09429295900654
2026-01-01T17:52:00Z,62.95221694083309,-174.02771795630764
2026-01-01T17:53:00Z,59.292604575518254,-176.3681379271555
2026-01-01T17:54:00Z,55.60364586783722,-178.30179423650907
2026-01-01T17:55:00Z,51.89304747204111,-179.94585173965672
2026-01-01T17:56:00Z,48.16582530661558,178.6226015818599
2026-01-01T17:57:00Z,44.42540163354563,177.3508609215473
2026-01-01T17:58:00Z,40.67421921349096,176.2016750788587
2026-01-01T17:59:00Z,36.914101996161975,175.14793468079438
2026-01-01T18:00:00Z,33.14647552477927,174.1693862548843
2026-01-01T18:01:00Z,29.372505998154253,173.25052774846077
2026-01-01T18:02:00Z,25.593190187847842,172.37921803071285
2026-01-01T18:03:00Z,21.809414560900922,171.5457314340061
2026-01-01T18:04:00Z,18.021994480364192,170.7420971162246
2026-01-01T18:05:00Z,14.23170016722419,169.9616246797011
2026-01-01T18:06:00Z,10.439273687622805,169.19855351823605
2026-01-01T18:07:00Z,6.645439795960847,168.44778496241355
2026-01-01T18:08:00Z,2.8509126003208167,167.7046694747312
2026-01-01T18:09:00Z,-0.9436005075146927,166.96482923932706
2026-01-01T18:10:00Z,-4.73739652780663,166.22400136858315
2026-01-01T18:11:00Z,-8.529775177242671,165.4778896593836
2026-01-01T18:12:00Z,-12.320036974997807,164.72201392700987
2026-01-01T18:13:00Z,-16.107480185948855,163.9515456393099
2026-01-01T18:14:00Z,-19.891395606969187,163.16111681008715
2026-01-01T18:15:00Z,-23.671057956803537,162.34458553674594
2026-01-01T18:16:00Z,-27.445712237939368,161.49473544253246
2026-01-01T18:17:00Z,-31.214552787147046,160.6028762520618
2026-01-01T18:18:00Z,-34.97669165492671,159.65829638603438
2026-01-01T18:19:00Z,-38.731111155875055,158.6474915078287
2026-01-01T18:20:00Z,-42.47659236510617,157.55304753818868
2026-01-01T18:21:00Z,-46.21160596003503,156.35197799538182
2026-01-01T18:22:00Z,-49.9341420655622,155.01317482801153
2026-01-01T18:23:00Z,-53.64143741079331,153.4933708964652
2026-01-01T18:24:00Z,-57.32952195387452,151.73050781017335
2026-01-01T18:25:00Z,-60.992432144876204,149.6323829461729
2026-01-01T18:26:00Z,-64.62077303402546,147.05628549963288
2026-01-01T18:27:00Z,-68.19892363061304,143.7705140430217
2026-01-01T18:28:00Z,-71.69920004215302,139.3775447564189
2026-01-01T18:29:00Z,-75.06863781236233,133.15331121634134
2026-01-01T18:30:00Z,-78.1966508530841,123.71316727189124
2026-01-01T18:31:00Z,-80.83463132770301,108.49506646229455
2026-01-01T18:32:00Z,-82.4517142772577,84.5339600841238
2026-01-01T18:33:00Z,-82.36941860020266,55.444649360233335
2026-01-01T18:34:00Z,-80.63233561151092,32.28299408199965
2026-01-01T18:35:00Z,-77.93462617621486,17.711668133868017
2026-01-01T18:36:00Z,-74.77787298381716,8.638083771930798
2026-01-01T18:37:00Z,-71.39323330316307,2.6182914200583
2026-01-01T18:38:00Z,-67.88396682862466,-1.6542101034050027
2026-01-01T18:39:00Z,-64.29991965923219,-4.864537979338362
2026-01-01T18:40:00Z,-60.66733773928828,-7.390808466988923
2026-01-01T18:41:00Z,-57.00112288648742,-9.454547531558866
2026-01-01T18:42:00Z,-53.31028483242724,-11.19281702504792
2026-01-01T18:43:00Z,-49.60056935867271,-12.694513797642841
2026-01-01T18:44:00Z,-45.87581844992538,-14.019670479221817
2026-01-01T18:45:00Z,-42.13871819039856,-15.210262713004294
2026-01-01T18:46:00Z,-38.391231549199986,-16.296546902597818
2026-01-01T18:47:00Z,-34.63485972780089,-17.300931639946565
2026-01-01T18:48:00Z,-30.870805594157872,-18.2404293977605
2026-01-01T18:49:00Z,-27.10007874513069,-19.128259969384153
2026-01-01T18:50:00Z,-23.32356441696859,-19.974930381272713
2026-01-01T18:51:00Z,-19.542069234507743,-20.788982542653443
2026-01-01T18:52:00Z,-15.756351680522643,-21.577525054676165
2026-01-01T18:53:00Z,-11.967142244327173,-22.3466222751828
2026-01-01T18:54:00Z,-8.175156491749561,-23.101587967516164
2026-01-01T18:55:00Z,-4.381103269379347,-23.847215214216185
2026-01-01T18:56:00Z,-0.5856896328466995,-24.587964668982416
2026-01-01T18:57:00Z,3.2103762851923427,-25.32812736639344
2026-01-01T18:58:00Z,7.006383464975122,-26.071974921639406
2026-01-01T18:59:00Z,10.801616345407314,-26.823908332120816
2026-01-01T19:00:00Z,14.59535243304099,-27.588616417725795
2026-01-01T19:01:00Z,18.386858202619603,-28.371256173464495
2026-01-01T19:02:00Z,22.175382133333965,-29.177670200966798
2026-01-01T19:03:00Z,25.960143395414818,-30.01466152547577
2026-01-01T19:04:00Z,29.74031415066826,-30.89035460491635
2026-01-01T19:05:00Z,33.51499252212553,-31.814685180638516
2026-01-01T19:06:00Z,37.28316177904307,-32.800084335040594
2026-01-01T19:07:00Z,41.0436287301378,-33.862460106990895
2026-01-01T19:08:00Z,44.7949298850831,-35.022645190149476
2026-01-01T19:09:00Z,48.535186002881254,-36.30859455284362
2026-01-01T19:10:00Z,52.261870882146596,-37.75882815482903
2026-01-01T19:11:00Z,55.971431600662044,-39.428016892995366
2026-01-01T19:12:00Z,59.658639013403,-41.39641271712219
2026-01-01T19:13:00Z,63.31542135703993,-43.78650142817503
2026-01-01T19:14:00Z,66.92864411824795,-46.79393910620405
2026-01-01T19:15:00Z,70.47558398935995,-50.74827485003758
2026-01-01T19:16:00Z,73.91394502206904,-56.23855962131835
2026-01-01T19:17:00Z,77.15794828671248,-64.37907940470805
2026-01-01T19:18:00Z,80.01807915647565,-77.30171968214142
2026-01-01T19:19:00Z,82.06924819761772,-98.2427862825746
2026-01-01T19:20:00Z,82.60558815472551,-126.90651934710365
2026-01-01T19:21:00Z,81.34113477420493,-153.01144701734512
2026-01-01T19:22:00Z,78.87348289316886,-170.1714933035366
2026-01-01T19:23:00Z,75.81673122777102,179.28111380035705
2026-01-01T19:24:00Z,72.47570647594685,172.45072270389653
2026-01-01T19:25:00Z,68.98467774287386,167.70820857655164
2026-01-01T19:26:00Z,65.4065201985064,164.2078594455411
2026-01-01T19:27:00Z,61.77342376094893,161.4925246113951
2026-01-01T19:28:00Z,58.103254101570556,159.2997920458441
2026-01-01T19:29:00Z,54.40662152889533,157.47018061778638
2026-01-01T19:30:00Z,50.69019796142307,155.90181724980758
2026-01-01T19:31:00Z,46.958394190378705,154.52679463167885
2026-01-01T19:32:00Z,43.21426415712605,153.29815988651117
2026-01-01T19:33:00Z,39.460019571008296,152.1823994916048
2026-01-01T19:34:00Z,35.697336306773465,151.1549095179536
2026-01-01T19:35:00Z,31.927543735052755,150.19716061109767
2026-01-01T19:36:00Z,28.151745227966945,149.29486329095616
2026-01-01T19:37:00Z,24.37089656918359,148.43674415339268
2026-01-01T19:38:00Z,20.585857699549692,147.61370631256437
2026-01-01T19:39:00Z,16.79742705157279,146.81823761214426
2026-01-01T19:40:00Z,13.00636422890961,146.04398180483145
2026-01-01T19:41:00Z,9.213404749013186,145.28541836624572
2026-01-01T19:42:00Z,5.419269351804235,144.53761499370344
2026-01-01T19:43:00Z,1.6246696419320372,143.79602810131715
2026-01-01T19:44:00Z,-2.1696886129740065,143.05633352068497
2026-01-01T19:45:00Z,-5.963103467087035,142.3142737078882
2026-01-01T19:46:00Z,-9.754875139867941,141.56550990382837
2026-01-01T19:47:00Z,-13.54430383504904,140.80546832780297
2026-01-01T19:48:00Z,-17.330686105930734,140.02916872705023
2026-01-01T19:49:00Z,-21.113308694578745,139.23102131050192
2026-01-01T19:50:00Z,-24.89143850036351,138.40457380162607
2026-01-01T19:51:00Z,-28.66430687011491,137.54218314508256
2026-01-01T19:52:00Z,-32.43108563606703,136.63457466285226
2026-01-01T19:53:00Z,-36.19085105936605,135.6702322807377
2026-01-01T19:54:00Z,-39.942529705715586,134.6345316278763
2026-01-01T19:55:00Z,-43.68481661503261,133.50847375019873
2026-01-01T19:56:00Z,-47.416049637820095,132.26678261383714
2026-01-01T19:57:00Z,-51.134011911579805,130.8749585050125
2026-01-01T19:58:00Z,-54.83561172365479,129.28455799115434
2026-01-01T19:59:00Z,-58.51634351531639,127.42534102594308
2026-01-01T20:00:00Z,-62.16933769106599,125.19163219984655
2026-01-01T20:01:00Z,-65.78359109809,122.41745458670422
2026-01-01T20:02:00Z,-69.34045098705612,118.82869910328515
2026-01-01T20:03:00Z,-72.80608255808069,113.94598951934486
2026-01-01T20:04:00Z,-76.11395072214083,106.87985773075008
2026-01-01T20:05:00Z,-79.12119717004121,95.92056318258084
2026-01-01T20:06:00Z,-81.50430584720615,78.10496367980213
2026-01-01T20:07:00Z,-82.63195915706852,51.48943115303681
2026-01-01T20:08:00Z,-81.95792743968143,23.272243070723164
2026-01-01T20:09:00Z,-79.83420479113445,3.0972838731133323
2026-01-01T20:10:00Z,-76.9496344212314,-9.344639327694484
2026-01-01T20:11:00Z,-73.70239745879657,-17.230109295133257
2026-01-01T20:12:00Z,-70.26968395139966,-22.581230362219937
2026-01-01T20:13:00Z,-66.73230319525554,-26.454696369820397
2026-01-01T20:14:00Z,-63.13040369805454,-29.41220935749166
2026-01-01T20:15:00Z,-59.485678554012814,-31.76985952104975
2026-01-01T20:16:00Z,-55.81071308530608,-33.71627427605715
2026-01-01T20:17:00Z,-52.11325547481725,-35.37004791185095
2026-01-01T20:18:00Z,-48.398325647060865,-36.809162958931935
2026-01-01T20:19:00Z,-44.669329507946784,-38.08690622803994
2026-01-01T20:20:00Z,-40.92868243109486,-39.24092058286621
2026-01-01T20:21:00Z,-37.178175376954776,-40.2985867189915
2026-01-01T20:22:00Z,-33.419198676054,-41.28035075075712
2026-01-01T20:23:00Z,-29.652883338696054,-42.20185435206175
2026-01-01T20:24:00Z,-25.880192563429052,-43.07534154751661
2026-01-01T20:25:00Z,-22.10198204775312,-43.910614794985186
2026-01-01T20:26:00Z,-18.319040110618303,-44.71570270873348
2026-01-01T20:27:00Z,-14.5321143850083,-45.49733925318935
2026-01-01T20:28:00Z,-10.741929384521063,-46.26131770738601
2026-01-01T20:29:00Z,-6.949197795239552,-47.01276081043063
2026-01-01T20:30:00Z,-3.154627469419494,-47.75633514051835
2026-01-01T20:31:00Z,0.6410744320804359,-48.49642957565061
2026-01-01T20:32:00Z,4.437199016514561,-49.23731273436534
2026-01-01T20:33:00Z,8.233033995999564,-49.98328153366025
2026-01-01T20:34:00Z,12.027861894740704,-50.738811868394336
2026-01-01T20:35:00Z,15.820957218635646,-51.50872268837838
2026-01-01T20:36:00Z,19.611581568965374,-52.298366480280094
2026-01-01T20:37:00Z,23.398975456518748,-53.11386269528611
2026-01-01T20:38:00Z,27.18234518195136,-53.9623967351865
2026-01-01T20:39:00Z,30.960842500449328,-54.85261706253203
2026-01-01T20:40:00Z,34.73353372002032,-55.79517922171986
2026-01-01T20:41:00Z,38.49935309853247,-56.803512314084834
2026-01-01T20:42:00Z,42.25703236240585,-57.89492855708719
2026-01-01T20:43:00Z,46.00499283772485,-59.092274648915975
2026-01-01T20:44:00Z,49.74117702288547,-60.42646334148037
2026-01-01T20:45:00Z,53.46277823218671,-61.940482792538745
2026-01-01T20:46:00Z,57.16579108376428,-63.6959822533841
2026-01-01T20:47:00Z,60.844231227529,-65.784545902016
2026-01-01T20:48:00Z,64.48870905863056,-68.34791797819751
2026-01-01T20:49:00Z,68.0836572956209,-71.61623759278947
2026-01-01T20:50:00Z,71.60153901446063,-75.98444126801895
2026-01-01T20:51:00Z,74.98972247010983,-82.1723934208001
2026-01-01T20:52:00Z,78.13830682796556,-91.55932702549275
2026-01-01T20:53:00Z,80.79973019447898,-106.71082097112722
2026-01-01T20:54:00Z,82.44211275708992,-130.65272819464758
2026-01-01T20:55:00Z,82.37647480585025,-159.86556249351105
2026-01-01T20:56:00Z,80.63871530554353,176.83166406441717
2026-01-01T20:57:00Z,77.93026821767715,162.19468434282942
2026-01-01T20:58:00Z,74.75948414591507,153.09836924378527
2026-01-01T20:59:00Z,71.36001019738312,147.07221073002736
2026-01-01T21:00:00Z,67.83592852262201,142.79925863423827
2026-01-01T21:01:00Z,64.23739789030904,139.59057017997887
2026-01-01T21:02:00Z,60.59081396423379,137.06658470451555
2026-01-01T21:03:00Z,56.91117101515185,135.00521501505835
2026-01-01T21:04:00Z,53.207548974961874,133.26918364786684
2026-01-01T21:05:00Z,49.48575408463179,131.76951926978325
2026-01-01T21:06:00Z,45.74968370319363,130.44617348151752
2026-01-01T21:07:00Z,42.002075880358525,129.257178806163
2026-01-01T21:08:00Z,38.24494260521972,128.1722958252117
2026-01-01T21:09:00Z,34.47983109415551,127.16913512407456
2026-01-01T21:10:00Z,30.707986931710646,126.23070276339527
2026-01-01T21:11:00Z,26.930458737030584,125.3437957278062
2026-01-01T21:12:00Z,23.148166640875154,124.49792168866759
2026-01-01T21:13:00Z,19.36194760072761,123.68455137986693
2026-01-01T21:14:00Z,15.572585459535716,122.89658695943866
2026-01-01T21:15:00Z,11.78083072492886,122.12797316558363
2026-01-01T21:16:00Z,7.98741332506625,121.37340389648902
2026-01-01T21:17:00Z,4.193050565286202,120.62809251717373
2026-01-01T21:18:00Z,0.3984518839025689,119.88758381772388
2026-01-01T21:19:00Z,-3.3956783714496694,119.1475914090637
2026-01-01T21:20:00Z,-7.188639141845801,118.4038477353061
2026-01-01T21:21:00Z,-10.979730928101848,117.65195550830911
2026-01-01T21:22:00Z,-14.768253246374439,116.88722955311157
2026-01-01T21:23:00Z,-18.553500304533927,116.10451682885973
2026-01-01T21:24:00Z,-22.33475375530426,115.29797951738375
2026-01-01T21:25:00Z,-26.111271056948116,114.4608209659176
2026-01-01T21:26:00Z,-29.882267426688323,113.5849258285458
2026-01-01T21:27:00Z,-33.64688847122578,112.66037200936732
2026-01-01T21:28:00Z,-37.40416908185074,111.67474947516882
2026-01-01T21:29:00Z,-41.15297164964148,110.6121833502961
2026-01-01T21:30:00Z,-44.89189226368042,109.45189415772398
2026-01-01T21:31:00Z,-48.61911569359887,108.16601398279916
2026-01-01T21:32:00Z,-52.3321853601919,106.71616850138172
2026-01-01T21:33:00Z,-56.02762621168726,105.04793719749325
2026-01-01T21:34:00Z,-59.700300856591454,103.08151327009215
2026-01-01T21:35:00Z,-63.3422553786084,100.69523556040119
2026-01-01T21:36:00Z,-66.94052692228999,97.69505366715848
2026-01-01T21:37:00Z,-70.47268505000491,93.75473384957077
2026-01-01T21:38:00Z,-73.8970261972181,88.2925206426382
2026-01-01T21:39:00Z,-77.12917641298039,80.21098911375756
2026-01-01T21:40:00Z,-79.98334951767329,67.41518919882316
2026-01-01T21:41:00Z,-82.04366566581635,46.70861874928391
2026-01-01T21:42:00Z,-82.61404515525342,18.239929320161362
2026-01-01T21:43:00Z,-81.39316390950975,-7.945403415633109
2026-01-01T21:44:00Z,-78.95965735421183,-25.271360175125654
2026-01-01T21:45:00Z,-75.92841071344742,-35.93708375578989
2026-01-01T21:46:00Z,-72.60822565398226,-42.84096845034986
2026-01-01T21:47:00Z,-69.13548877967625,-47.630037969002174
2026-01-01T21:48:00Z,-65.57403212905982,-51.161314523194406
2026-01-01T21:49:00Z,-61.95647974988431,-53.89817060284559
2026-01-01T21:50:00Z,-58.30089507542807,-56.10648224668332
2026-01-01T21:51:00Z,-54.61797286654575,-57.94774220370429
2026-01-01T21:52:00Z,-50.91441182417653,-59.525046309935355
2026-01-01T21:53:00Z,-47.194618794632596,-60.90707718592418
2026-01-01T21:54:00Z,-43.46162703467722,-62.14129794408686
2026-01-01T21:55:00Z,-39.71761860352246,-63.26156887535025
2026-01-01T21:56:00Z,-35.964235382782576,-64.2927361586028
2026-01-01T21:57:00Z,-32.202771347071305,-65.25350236931168
2026-01-01T21:58:00Z,-28.43429506651529,-66.15828326430635
2026-01-01T21:59:00Z,-24.659729556843644,-67.01844572985999
2026-01-01T22:00:00Z,-20.87990511554688,-67.8431566371272
2026-01-01T22:01:00Z,-17.095594510172692,-68.63998087184422
2026-01-01T22:02:00Z,-13.307536336166457,-69.41531441435254
2026-01-01T22:03:00Z,-9.51645029490817,-70.17470746455311
2026-01-01T22:04:00Z,-5.723046911308824,-70.92311397505286
2026-01-01T22:05:00Z,-1.9280334664372998,-71.66509254373547
2026-01-01T22:06:00Z,1.8678825287162553,-72.40497662265308
2026-01-01T22:07:00Z,5.6639912552759775,-73.14702784494733
2026-01-01T22:08:00Z,9.459578977800488,-73.89558407956193
2026-01-01T22:09:00Z,13.253926018818055,-74.65521315496748
2026-01-01T22:10:00Z,17.04630338356928,-75.43088391787154
2026-01-01T22:11:00Z,20.83596695818981,-76.22816855260018
2026-01-01T22:12:00Z,24.622147932970577,-77.05349433731627
2026-01-01T22:13:00Z,28.404037641316002,-77.91447015313496
2026-01-01T22:14:00Z,32.18076424393665,-78.82032471168182
2026-01-01T22:15:00Z,35.95135742886737,-79.78251249951099
2026-01-01T22:16:00Z,39.71469518347092,-80.8155750244437
2026-01-01T22:17:00Z,43.46942305951448,-81.93839861897987
2026-01-01T22:18:00Z,47.21382991614734,-83.17610393977661
2026-01-01T22:19:00Z,50.945652323483536,-84.56297214963759
2026-01-01T22:20:00Z,54.661757268592915,-86.14713195639266
2026-01-01T22:21:00Z,58.357607685625496,-87.99835749908726
2026-01-01T22:22:00Z,62.02632001766004,-90.22161246781155
2026-01-01T22:23:00Z,65.65690891603106,-92.98174900007608
2026-01-01T22:24:00Z,69.23079895239853,-96.55104030352103
2026-01-01T22:25:00Z,72.71434893823944,-101.4058169530467
2026-01-01T22:26:00Z,76.04144906123695,-108.43076070357257
2026-01-01T22:27:00Z,79.07007492620946,-119.33088100702608
2026-01-01T22:28:00Z,81.47762721898366,-137.08359703739413
2026-01-01T22:29:00Z,82.6294579030897,-163.72222823046778
2026-01-01T22:30:00Z,81.96649307819852,167.90923902107312
2026-01-01T22:31:00Z,79.83778164660978,147.61755695904307
2026-01-01T22:32:00Z,76.94094382668352,135.12813019022718
2026-01-01T22:33:00Z,73.6792703360538,127.22709065647516
2026-01-01T22:34:00Z,70.23168159731489,121.87219479828327
2026-01-01T22:35:00Z,66.67957604806948,117.99920307456495
2026-01-01T22:36:00Z,63.06334193175221,115.04363225722318
2026-01-01T22:37:00Z,59.40479708120327,112.68832953467582
2026-01-01T22:38:00Z,55.71660982554951,110.74425351027831
2026-01-01T22:39:00Z,52.00659456020462,109.09265380235112
2026-01-01T22:40:00Z,48.279829703152366,107.65549808670185
2026-01-01T22:41:00Z,44.539775314245375,106.37949394340494
2026-01-01T22:42:00Z,40.788897747690946,105.22701056443239
2026-01-01T22:43:00Z,37.02903601784843,104.17068538260722
2026-01-01T22:44:00Z,33.261625426831586,103.19009141836729
2026-01-01T22:45:00Z,29.487838538190633,102.26960500928014
2026-01-01T22:46:00Z,25.708676272314623,101.39699822978149
2026-01-01T22:47:00Z,21.925027780531373,100.56248262837465
2026-01-01T22:48:00Z,18.137710139114223,99.75804159130507
2026-01-01T22:49:00Z,14.34749464304399,98.97695134201372
2026-01-01T22:50:00Z,10.555124019842498,98.21342720248346
2026-01-01T22:51:00Z,6.761323427867243,97.46235367424809
2026-01-01T22:52:00Z,2.96680722596774,96.71907027613986
2026-01-01T22:53:00Z,-0.8277170308559347,95.97919329109813
2026-01-01T22:54:00Z,-4.621546232898703,95.23845853148315
2026-01-01T22:55:00Z,-8.413980033609782,94.49257299867439
2026-01-01T22:56:00Z,-12.20431895605278,93.73706445255601
2026-01-01T22:57:00Z,-15.991861385280323,92.96711764359465
2026-01-01T22:58:00Z,-19.77589843742302,92.17738424419053
2026-01-01T22:59:00Z,-23.55570547498544,91.3617500063329
2026-01-01T23:00:00Z,-27.33052865194671,90.51303664139866
2026-01-01T23:01:00Z,-31.099564230422235,89.62260603451675
2026-01-01T23:02:00Z,-34.861927350632435,88.67981830630048
2026-01-01T23:03:00Z,-38.61660516615487,87.67126869748141
2026-01-01T23:04:00Z,-42.36238624020504,86.57968356953654
2026-01-01T23:05:00Z,-46.09775281655364,85.38227849763562
2026-01-01T23:06:00Z,-49.8207130177208,84.04824328712915
2026-01-01T23:07:00Z,-53.528532035595184,82.53476275719915
2026-01-01T23:08:00Z,-57.21728599386443,80.7804880438222
2026-01-01T23:09:00Z,-60.881088886401756,78.69437566024871
2026-01-01T23:10:00Z,-64.51068210497615,76.13569820422975
2026-01-01T23:11:00Z,-68.09069864396753,72.87633244460835
2026-01-01T23:12:00Z,-71.59396253943743,68.52559005375929
2026-01-01T23:13:00Z,-74.9686124942286,62.373137227842214
2026-01-01T23:14:00Z,-78.10665804424022,53.061825543628274
2026-01-01T23:15:00Z,-80.76565845469247,38.07031170004233
2026-01-01T23:16:00Z,-82.42484824953502,14.383198856130965
2026-01-01T23:17:00Z,-82.39936893717774,-14.7180788282337
2026-01-01T23:18:00Z,-80.70299174735914,-38.15795885099176
2026-01-01T23:19:00Z,-78.02538598761605,-52.949541074798205
2026-01-01T23:20:00Z,-74.87825006415694,-62.1475596039711
2026-01-01T23:21:00Z,-71.49862856439542,-68.23683117654276
2026-01-01T23:22:00Z,-67.99224770519137,-72.55034936009736
2026-01-01T23:23:00Z,-64.41000588778732,-75.78640978680383
2026-01-01T23:24:00Z,-60.778635976279524,-78.3297024906362
2026-01-01T23:25:00Z,-57.11328437109557,-80.40520580266262
2026-01-01T23:26:00Z,-53.42309260276341,-82.15190128815469
2026-01-01T23:27:00Z,-49.713881654407224,-83.65981086679336
2026-01-01T23:28:00Z,-45.989538403511084,-84.98965751254674
2026-01-01T23:29:00Z,-42.25277667716172,-86.18385751920712
2026-01-01T23:30:00Z,-38.505577023423605,-87.27295820514651
2026-01-01T23:31:00Z,-34.74945196306078,-88.27956580184475
2026-01-01T23:32:00Z,-30.98561170644358,-89.22083031992031
2026-01-01T23:33:00Z,-27.215070605336717,-90.11006916556195
2026-01-01T23:34:00Z,-23.43871693975456,-90.95785969825867
2026-01-01T23:35:00Z,-19.657359237615438,-91.7727950103096
2026-01-01T23:36:00Z,-15.871757125407887,-92.5620210718296
2026-01-01T23:37:00Z,-12.082641736781245,-93.33162934901621
2026-01-01T23:38:00Z,-8.290728961479315,-94.08695283311151
2026-01-01T23:39:00Z,-4.496727771902107,-94.83279753377889
2026-01-01T23:40:00Z,-0.7013452317672276,-95.57363173917169
2026-01-01T23:41:00Z,3.0947105887295367,-96.31374939951299
2026-01-01T23:42:00Z,6.890728784204084,-97.0574205411214
2026-01-01T23:43:00Z,10.68599396811096,-97.80903994997668
2026-01-01T23:44:00Z,14.479783917861166,-98.57328514649224
2026-01-01T23:45:00Z,18.271365543192623,-99.35529586506534
2026-01-01T23:46:00Z,22.059988029476497,-100.16089008740265
2026-01-01T23:47:00Z,25.844871683370187,-100.99683673722463
2026-01-01T23:48:00Z,29.625190465655027,-101.871213517587
2026-01-01T23:49:00Z,33.4000453014179,-102.79389201035079
2026-01-01T23:50:00Z,37.16842377230189,-103.77721452687454
2026-01-01T23:51:00Z,40.929139283753486,-104.83696458050049
2026-01-01T23:52:00Z,44.68073844320391,-105.99379693354085
2026-01-01T23:53:00Z,48.42135758769203,-107.27540643852929
2026-01-01T23:54:00Z,52.14849492131079,-108.71992224388539
2026-01-01T23:55:00Z,55.85863666812395,-110.38140878686009
2026-01-01T23:56:00Z,59.546618548684656,-112.33914055880523
2026-01-01T23:57:00Z,63.204480958441295,-114.7139567035562
2026-01-01T23:58:00Z,66.81929409171283,-117.69859413316458
2026-01-01T23:59:00Z,70.36873413990878,-121.61712480626399
2026-01-02T00:00:00Z,73.81134957185887,-127.04773381633304
